,productos,url_imagen
0,Viña 3 Monos Cabernet Sauvignon 2019,https://cav.cl/storage/sku_images/31464.jpg
1,Viña 3 Monos Carignan/Garnacha Mirador Del Name Cauquenes 2017,https://cav.cl/storage/sku_images/28727.jpg
2,7 Colores Limited Edition Syrah 2020,https://cav.cl/storage/sku_images/31010.jpg
3,Achaval Ferrer Mendoza Malbec 2021,https://cav.cl/storage/sku_images/31264.jpg
4,Aila Heaven Cabernet Sauvignon Gran Reserva 2021,https://cav.cl/storage/sku_images/28846.jpg
5,Altacima 4090 Cabernet Sauvignon Reserva 2020,https://cav.cl/storage/sku_images/28437.jpg
6,Altacima 6330 Ensamblaje Tinto 2020,https://cav.cl/storage/sku_images/28870.jpg
7,Altacima 4090 Gewurztraminer Reserva 2022,https://cav.cl/storage/sku_images/30187.jpg
8,Viña Andes Plateau Andesita Cabernet Sauvignon 2021,https://cav.cl/storage/sku_images/30629.jpg
9,Antigal Uno Cabernet Sauvignon 2017,https://cav.cl/storage/sku_images/29101.jpg
10,Aquitania Sol De Sol Pinot Noir 2021,https://cav.cl/storage/sku_images/29666.jpg
11,Arboleda Cabernet Sauvignon 2021,https://cav.cl/storage/sku_images/30666.jpg
12,Arboleda Carmenere 2021,https://cav.cl/storage/sku_images/30169.jpg
13,Arboleda Chardonnay 2021,https://cav.cl/storage/sku_images/30170.jpg
14,Arboleda Chardonnay 2022,https://cav.cl/storage/sku_images/31667.jpg
15,Arboleda Chardonnay 2020,https://cav.cl/storage/sku_images/29011.jpg
16,Arboleda Pinot Noir 2020,https://cav.cl/storage/sku_images/28515.jpg
17,Arboleda Pinot Noir 2021,https://cav.cl/storage/sku_images/30665.jpg
18,Arboleda Sauvignon Blanc 2022,https://cav.cl/storage/sku_images/31075.jpg
19,Arboleda Sauvignon Blanc 2020,https://cav.cl/storage/sku_images/28424.jpg
20,Arboleda Sauvignon Blanc 2018,https://cav.cl/storage/sku_images/25887.jpg
21,Arboleda Syrah 2020,https://cav.cl/storage/sku_images/29408.jpg
22,Arboleda Syrah 2021,https://cav.cl/storage/sku_images/31430.jpg
23,Aresti Trisquel Cabernet Sauvignon Gran Reserva 2020,https://cav.cl/storage/sku_images/30757.jpg
24,Aresti Trisquel Series Parras Fundadoras Cabernet Sauvignon Gran Reserva 2020,https://cav.cl/storage/sku_images/30962.jpg
25,Aresti Trisquel Carmenere Gran Reserva 2020,https://cav.cl/storage/sku_images/30533.jpg
26,Aresti Trisquel Ensamblaje Tinto Gran Reserva 2020,https://cav.cl/storage/sku_images/30336.jpg
27,Aresti Family Collection Assemblage 2019,https://cav.cl/storage/sku_images/30961.jpg
28,Aresti Trisquel Gewurztraminer Gran Reserva 2022,https://cav.cl/storage/sku_images/30758.jpg
29,Aresti Trisquel Series Curico Costa Malbec 2020,https://cav.cl/storage/sku_images/29644.jpg
30,Aresti Trisquel Series Curico Costa Malbec 2019,https://cav.cl/storage/sku_images/27598.jpg
31,Aresti Trisquel Serie Merlot Altitud Gran Reserva 2019,https://cav.cl/storage/sku_images/28466.jpg
32,Aresti Trisquel Serie Merlot Altitud Gran Reserva 2020,https://cav.cl/storage/sku_images/30871.jpg
33,Aresti Trisquel Series Vichuquen Costa Pinot Noir 2020,https://cav.cl/storage/sku_images/29332.jpg
34,Aresti Trisquel Series Origen Semillon Gran Reserva 2019,https://cav.cl/storage/sku_images/27372.jpg
35,Baron Philippe De Rothschild Escudo Rojo Origine Cabernet Sauvignon 2019,https://cav.cl/storage/sku_images/29241.jpg
36,Baron Phillippe De Rothschild Mapu Chardonnay 2022,https://cav.cl/storage/sku_images/31007.jpg
37,Besoain Single Vineyard Cabernet Sauvignon 2020,https://cav.cl/storage/sku_images/31364.jpg
38,Bisquertt La Joya C. Sauvignon Gran Reserva 2020,https://cav.cl/storage/sku_images/28094.jpg
39,Bisquertt La Joya Single Vineyard C. Sauvignon 2020,https://cav.cl/storage/sku_images/30027.jpg
40,Bisquertt La Joya Single Vineyard C. Sauvignon 2019,https://cav.cl/storage/sku_images/28335.jpg
41,Bisquertt La Joya Single Vineyard Carmenere 2022,https://cav.cl/storage/sku_images/31656.jpg
42,Bisquertt La Joya Carmenere Gran Reserva 2022,https://cav.cl/storage/sku_images/31592.jpg
43,Bisquertt La Joya Single Vineyard Carmenere 2021,https://cav.cl/storage/sku_images/30767.jpg
44,Bisquertt Q Clay Ensamblaje Tinto 2020,https://cav.cl/storage/sku_images/31268.jpg
45,Bisquertt La Joya Single Vineyard Merlot 2020,https://cav.cl/storage/sku_images/31354.jpg
46,Bisquertt La Joya Single Vineyard Merlot 2019,https://cav.cl/storage/sku_images/29596.jpg
47,Bisquertt La Joya Merlot Gran Reserva 2021,https://cav.cl/storage/sku_images/30885.jpg
48,Bisquertt Petirrojo Sauvignon Blanc 2022,https://cav.cl/storage/sku_images/31437.jpg
49,Bisquertt La Joya Sauvignon Blanc Gran Reserva 2021,https://cav.cl/storage/sku_images/28902.jpg
50,Bisquertt La Joya Syrah Gran Reserva 2020,https://cav.cl/storage/sku_images/28472.jpg
51,Bisquertt La Joya Viognier Gran Reserva 2018,https://cav.cl/storage/sku_images/26416.jpg
52,Blue Wines Bluhands Carignan 2017,https://cav.cl/storage/sku_images/29682.jpg
53,Blue Wines Blu Carignan 2017,https://cav.cl/storage/sku_images/28622.jpg
54,Bowines Carae Carignan 2017,https://cav.cl/storage/sku_images/29022.jpg
55,Septima Obra Malbec 2017,https://cav.cl/storage/sku_images/27628.jpg
56,Bodega Septima Malbec Gran Reserva 2019,https://cav.cl/storage/sku_images/29529.jpg
57,Botijo Rojo Garnacha 2020,https://cav.cl/storage/sku_images/30860.jpg
58,Botijo Blanco Garnacha Blanca 2019,https://cav.cl/storage/sku_images/28702.jpg
59,Salentein Malbec Reserve 2022,https://cav.cl/storage/sku_images/31477.jpg
60,Descomplicados Etiqueta Negra Syrah 2019,https://cav.cl/storage/sku_images/28618.jpg
61,Caiti Lux Series Sauvignon Blanc 2020,https://cav.cl/storage/sku_images/27593.jpg
62,Caliterra Cabernet Sauvignon Reserva 2020,https://cav.cl/storage/sku_images/28380.jpg
63,Caliterra Cabernet Sauvignon Reserva 2021,https://cav.cl/storage/sku_images/30863.jpg
64,Caliterra Tributo Single Vineyard Cabernet Sauvignon 2019,https://cav.cl/storage/sku_images/26887.jpg
65,Caliterra Tributo Single Vineyard C. Sauvignon 2018,https://cav.cl/storage/sku_images/26732.jpg
66,Caliterra Carmenere Reserva 2021,https://cav.cl/storage/sku_images/30026.jpg
67,Caliterra Tributo Single Vineyard Chardonnay 2021,https://cav.cl/storage/sku_images/29963.jpg
68,Caliterra Tributo Single Vineyard Malbec 2021,https://cav.cl/storage/sku_images/31359.jpg
69,Caliterra Merlot Reserva 2022,https://cav.cl/storage/sku_images/30865.jpg
70,Caliterra Merlot Reserva 2021,https://cav.cl/storage/sku_images/30239.jpg
71,Caliterra Merlot Reserva 2020,https://cav.cl/storage/sku_images/27596.jpg
72,Caliterra Tributo Single Vineyard Sauvignon Blanc 2022,https://cav.cl/storage/sku_images/30250.jpg
73,Caliterra Sauvignon Blanc Reserva 2020,https://cav.cl/storage/sku_images/28118.jpg
74,Caliterra Sauvignon Blanc Reserva 2022,https://cav.cl/storage/sku_images/30867.jpg
75,Caliterra Tributo Single Vineyard Sauvignon Blanc 2020,https://cav.cl/storage/sku_images/28377.jpg
76,Caliterra Tributo Single Vineyard Syrah 2020,https://cav.cl/storage/sku_images/28841.jpg
77,Caliterra Tributo Single Vineyard Syrah 2021,https://cav.cl/storage/sku_images/31299.jpg
78,Calyptra Gran Cabernet Sauvignon 2019,https://cav.cl/storage/sku_images/31434.jpg
79,Calyptra Chardonnay Gran Reserva 2019,https://cav.cl/storage/sku_images/31041.jpg
80,Calyptra Vivendo Ensamblaje Tinto 2017,https://cav.cl/storage/sku_images/29626.jpg
81,Calyptra Pinot Noir Gran Reserva 2018,https://cav.cl/storage/sku_images/30159.jpg
82,Carabe De Itata Semillon / Moscatel 2019,https://cav.cl/storage/sku_images/29532.jpg
83,Carmen Cabernet Sauvignon Gran Reserva 2021,https://cav.cl/storage/sku_images/30675.jpg
84,Carmen Vintages Blend Iv Cabernet Sauvignon 2020,https://cav.cl/storage/sku_images/30760.jpg
85,Carmen Winemakers Reserve Red Cabernet Sauvignon Blend 2019,https://cav.cl/storage/sku_images/29012.jpg
86,Carmen Carignan Gran Reserva 2022,https://cav.cl/storage/sku_images/30977.jpg
87,Carmen Frida Kahlo Carmenere Gran Reserva 2022,https://cav.cl/storage/sku_images/31398.jpg
88,Carmen Cinco Lustros Carmenere 2021,https://cav.cl/storage/sku_images/30123.jpg
89,Carmen Winemakers Reserve Black Carmenere Blend 2021,https://cav.cl/storage/sku_images/31411.jpg
90,Carmen Winemakers Reserve Black Carmenere Blend 2020,https://cav.cl/storage/sku_images/30495.jpg
91,Carmen Do Loma Seca Cinsault 2019,https://cav.cl/storage/sku_images/26323.jpg
92,Carmen Grande Vidure Gran Reserva 2022,https://cav.cl/storage/sku_images/31399.jpg
93,Carmen Grande Vidure Gran Reserva 2020,https://cav.cl/storage/sku_images/28662.jpg
94,Carmen Do Matorral Chileno Mezcla Tinta 2021,https://cav.cl/storage/sku_images/29600.jpg
95,Carmen Grande Vidure Gran Reserva 2021,https://cav.cl/storage/sku_images/30111.jpg
96,Carmen Merlot Gran Reserva 2020,https://cav.cl/storage/sku_images/28607.jpg
97,Carmen Petite Syrah Gran Reserva 2022,https://cav.cl/storage/sku_images/30953.jpg
98,Carmen Sauvignon Blanc Gran Reserva 2022,https://cav.cl/storage/sku_images/31073.jpg
99,Carmen Sauvignon Blanc Gran Reserva 2021,https://cav.cl/storage/sku_images/30976.jpg
100,Los Despachos Petit Verdot 2021,https://cav.cl/storage/sku_images/31021.jpg
101,Casa Donoso Evolucion Cabernet Sauvignon Reserva 2021,https://cav.cl/storage/sku_images/29501.jpg
102,Casa Donoso Bicentenario Cabernet Sauvignon 2018,https://cav.cl/storage/sku_images/25855.jpg
103,Casa Donoso Evolucion Carmenere Reserva 2021,https://cav.cl/storage/sku_images/29502.jpg
104,Casa Donoso Bicentenario Carmenere 2022,https://cav.cl/storage/sku_images/31283.jpg
105,Casa Donoso Bicentenario Chardonnay 2022,https://cav.cl/storage/sku_images/31014.jpg
106,Casa Donoso Sucesor Limited Release Red Ensamblaje Tinto 2020,https://cav.cl/storage/sku_images/31234.jpg
107,Casa Donoso Clos Centenaire Ensamblaje Tinto 2019,https://cav.cl/storage/sku_images/28404.jpg
108,Casa Donoso Clos Centenaire Ensamblaje Tinto 2016,https://cav.cl/storage/sku_images/25191.jpg
109,Casa Donoso Bicentenario Malbec 2022,https://cav.cl/storage/sku_images/31013.jpg
110,Casa Donoso Bicentenario Sauvignon Blanc 2021,https://cav.cl/storage/sku_images/29275.jpg
111,Siete Perros Cabernet Sauvignon 2022,https://cav.cl/storage/sku_images/31210.jpg
112,Casa Marin Cartagena Coastal Red 2017,https://cav.cl/storage/sku_images/29481.jpg
113,Casa Marin Casona Vineyard Gewurztraminer 2021,https://cav.cl/storage/sku_images/29312.jpg
114,Casa Marin Cartagena Pinot Noir 2022,https://cav.cl/storage/sku_images/30630.jpg
115,Casa Marin Cartagena Pinot Noir 2020,https://cav.cl/storage/sku_images/31300.jpg
116,Casa Marin Cartagena Pinot Noir 2019,https://cav.cl/storage/sku_images/28926.jpg
117,Casa Marin Miramar Vineyard Riesling 2022,https://cav.cl/storage/sku_images/31498.jpg
118,Casa Marin Cartagena Riesling 2021,https://cav.cl/storage/sku_images/28925.jpg
119,Casa Marin Miramar Vineyard Riesling 2021,https://cav.cl/storage/sku_images/29015.jpg
120,Casa Marin Cipreses Sauvignon Blanc 2022,https://cav.cl/storage/sku_images/30131.jpg
121,Casa Marin Cartagena Sauvignon Blanc 2022,https://cav.cl/storage/sku_images/30130.jpg
122,Doña Dominga Cabernet Sauvignon Reserva De Familia 2020,https://cav.cl/storage/sku_images/28998.jpg
123,Doña Dominga Cabernet Sauvignon Reserva De Familia 2019,https://cav.cl/storage/sku_images/26975.jpg
124,Casa Silva Terroir De Familia Reserva Cabernet Sauvignon 2021,https://cav.cl/storage/sku_images/31626.jpg
125,Casa Silva Gran Terroir De Los Andes C. Sauvignon 2021,https://cav.cl/storage/sku_images/30053.jpg
126,Doña Dominga Cabernet Sauvignon Reserva De Familia 2022,https://cav.cl/storage/sku_images/31629.jpg
127,Doña Dominga Cabernet Sauvignon Gran Reserva 2021,https://cav.cl/storage/sku_images/31551.jpg
128,Doña Dominga Carmenere Gran Reserva 2021,https://cav.cl/storage/sku_images/30243.jpg
129,Casa Silva Terroir De Familia Reserva Carmenere 2021,https://cav.cl/storage/sku_images/29591.jpg
130,Doña Dominga Carmenere Reserva De Familia 2021,https://cav.cl/storage/sku_images/30242.jpg
131,Casa Silva Cool Coast Chardonnay 2022,https://cav.cl/storage/sku_images/30801.jpg
132,Doña Dominga Ensamblaje Tinto D6 2019,https://cav.cl/storage/sku_images/31598.jpg
133,Casa Silva Gran Terroir De Los Andes Merlot 2021,https://cav.cl/storage/sku_images/30240.jpg
134,Doña Dominga Merlot Gran Reserva 2021,https://cav.cl/storage/sku_images/30200.jpg
135,Casa Silva Terroir De Familia Reserva Merlot 2020,https://cav.cl/storage/sku_images/28995.jpg
136,Casa Silva Moscatel Negro 2019,https://cav.cl/storage/sku_images/28954.jpg
137,Casa Silva Gran Terroir Edicion Limitada Petit Verdot 2021,https://cav.cl/storage/sku_images/31628.jpg
138,Casa Silva Cool Coast Pinot Noir 2020,https://cav.cl/storage/sku_images/30999.jpg
139,Casa Silva Lago Ranco Riesling 2020,https://cav.cl/storage/sku_images/29592.jpg
140,Casa Silva Lago Ranco Sauvignon Blanc 2015,https://cav.cl/storage/sku_images/26722.jpg
141,Casa Silva Cool Coast Sauvignon Blanc 2022,https://cav.cl/storage/sku_images/30573.jpg
142,Casa Silva Terroir De Familia Reserva Sauvignon Blanc 2022,https://cav.cl/storage/sku_images/31627.jpg
143,Casa Silva Lago Ranco Sauvignon Blanc 2018,https://cav.cl/storage/sku_images/28738.jpg
144,Casa Silva Cool Coast Sauvignon Gris 2020,https://cav.cl/storage/sku_images/28743.jpg
145,Casa Silva Gran Terroir De La Costa Syrah 2019,https://cav.cl/storage/sku_images/28741.jpg
146,Casa Silva Gran Terroir De La Costa Syrah 2018,https://cav.cl/storage/sku_images/27153.jpg
147,Casa Silva Cool Coast Syrah 2018,https://cav.cl/storage/sku_images/28996.jpg
148,Casa Silva Cool Coast Syrah 2019,https://cav.cl/storage/sku_images/30392.jpg
149,Casa Silva Cool Coast Syrah 2017,https://cav.cl/storage/sku_images/27903.jpg
150,Casas Del Bosque Gran Reserva Cabernet Sauvignon 2020,https://cav.cl/storage/sku_images/30842.jpg
151,Casas Del Bosque Gran Reserva Pinot Noir 2020,https://cav.cl/storage/sku_images/29314.jpg
152,Casas Del Bosque Gran Reserva Pinot Noir 2021,https://cav.cl/storage/sku_images/31063.jpg
153,Casas Del Bosque Sauvignon Blanc Reserva 2023,https://cav.cl/storage/sku_images/31604.jpg
154,Casas Del Bosque Pequeñas Producciones Syrah Premium 2020,https://cav.cl/storage/sku_images/30387.jpg
155,Casas Del Bosque Gran Reserva Syrah 2021,https://cav.cl/storage/sku_images/31066.jpg
156,Casas Del Toqui Gran Toqui Cabernet Sauvignon 2019,https://cav.cl/storage/sku_images/31168.jpg
157,Casas Del Toqui Terroir Selection Cabernet Sauvignon 2019,https://cav.cl/storage/sku_images/31167.jpg
158,Casas Patronales Cabernet Sauvignon Gran Reserva 2020,https://cav.cl/storage/sku_images/30718.jpg
159,Chateau Los Boldos Grande Reserve Cabernet Sauvignon 2019,https://cav.cl/storage/sku_images/30175.jpg
160,Chateau Los Boldos Tradition Reserve Cabernet Sauvignon 2020,https://cav.cl/storage/sku_images/30750.jpg
161,Chateau Los Boldos Vieilles Vignes Cabernet Sauvignon 2018,https://cav.cl/storage/sku_images/29960.jpg
162,Chateau Los Boldos Tradition Reserve Chardonnay 2022,https://cav.cl/storage/sku_images/30751.jpg
163,Chateau Los Boldos Tradition Reserve Merlot 2021,https://cav.cl/storage/sku_images/30752.jpg
164,Chocalan Vitrum Malbec 2018,https://cav.cl/storage/sku_images/26752.jpg
165,Chocalan Vitrum Malbec 2019,https://cav.cl/storage/sku_images/29036.jpg
166,Chocalan Origen Pinot Noir Gran Reserva 2017,https://cav.cl/storage/sku_images/28533.jpg
167,Chocalan Origen Malvilla Sauvignon Blanc Gran Reserva 2020,https://cav.cl/storage/sku_images/28637.jpg
168,Clos De Luz Massal 1945 Cabernet Sauvignon 2020,https://cav.cl/storage/sku_images/30518.jpg
169,Clos De Luz Massal 1945 Carmenere 2020,https://cav.cl/storage/sku_images/30519.jpg
170,Clos De Luz Azuda Syrah 2018,https://cav.cl/storage/sku_images/27766.jpg
171,Clos De Luz Azuda Syrah 2019,https://cav.cl/storage/sku_images/29059.jpg
172,Concha y Toro Gran Reserva Cabernet Sauvignon 2021,https://cav.cl/storage/sku_images/31027.jpg
173,Concha y Toro Trio Cabernet Sauvignon 2019,https://cav.cl/storage/sku_images/28453.jpg
174,Concha y Toro Casillero Del Diablo Reserva Privada Cabernet Sauvignon 2021,https://cav.cl/storage/sku_images/31528.jpg
175,Concha y Toro Casillero Del Diablo Reserva Privada Cabernet Sauvignon 2020,https://cav.cl/storage/sku_images/30692.jpg
176,Concha y Toro Marques De Casa Concha Cabernet Sauvignon 2021,https://cav.cl/storage/sku_images/30971.jpg
177,Concha y Toro Terrunyo Carmenere 2021,https://cav.cl/storage/sku_images/31586.jpg
178,Concha y Toro Marques De Casa Concha Carmenere 2021,https://cav.cl/storage/sku_images/29750.jpg
179,Concha y Toro Gran Reserva Carmenere 2021,https://cav.cl/storage/sku_images/31587.jpg
180,Concha y Toro Casillero Del Diablo Reserva Privada Carmenere 2021,https://cav.cl/storage/sku_images/30997.jpg
181,Concha y Toro Marques De Casa Concha Chardonnay 2021,https://cav.cl/storage/sku_images/30145.jpg
182,Concha y Toro Casillero Devil Collection White 2020,https://cav.cl/storage/sku_images/28454.jpg
183,Concha y Toro Marques De Casa Concha Etiqueta Negra Ensamblaje Tinto 2021,https://cav.cl/storage/sku_images/30616.jpg
184,Concha y Toro Trio Merlot 2020,https://cav.cl/storage/sku_images/28475.jpg
185,Concha y Toro Marques De Casa Concha Merlot 2020,https://cav.cl/storage/sku_images/31357.jpg
186,Concha y Toro Marques De Casa Concha Pinot Noir 2019,https://cav.cl/storage/sku_images/30147.jpg
187,Concha y Toro Marques De Casa Concha Pinot Noir 2020,https://cav.cl/storage/sku_images/30071.jpg
188,Concha y Toro Gran Reserva Serie Riberas Sauvignon Blanc 2021,https://cav.cl/storage/sku_images/30390.jpg
189,Concha y Toro Gran Reserva Sauvignon Blanc 2022,https://cav.cl/storage/sku_images/30381.jpg
190,Cono Sur Reserva Especial Cabernet Sauvingon 2020,https://cav.cl/storage/sku_images/29567.jpg
191,Cono Sur Single Vineyard N°28 La Rinconada Carmenere 2021,https://cav.cl/storage/sku_images/31242.jpg
192,Cono Sur Single Vineyard 8 Grapes 2019,https://cav.cl/storage/sku_images/29609.jpg
193,Cono Sur 20 Barricas Pinot Noir 2020,https://cav.cl/storage/sku_images/30597.jpg
194,Cono Sur Single Vineyard Pinot Noir 2020,https://cav.cl/storage/sku_images/28734.jpg
195,Cono Sur Single Vineyard Riesling 2022,https://cav.cl/storage/sku_images/31457.jpg
196,Cono Sur Single Vineyard Sauvignon Blanc 2016,https://cav.cl/storage/sku_images/23486.jpg
197,Cono Sur 20 Barricas Sauvignon Blanc 2021,https://cav.cl/storage/sku_images/29291.jpg
198,Tierra Del Fuego Cabernet Sauvignon Reserva 2020,https://cav.cl/storage/sku_images/30171.jpg
199,Tierra Del Fuego Carmenere Reserva 2020,https://cav.cl/storage/sku_images/30172.jpg
200,Cremaschi Furlot Carmenere Gran Reserva 2021,https://cav.cl/storage/sku_images/31606.jpg
201,Cremaschi Furlotti Edicion Limitada De Familia 2017,https://cav.cl/storage/sku_images/27736.jpg
202,Cremaschi Furlotti Pinot Grigio Reserva 2023,https://cav.cl/storage/sku_images/31605.jpg
203,Tierra Del Fuego Sauvignon Blanc Reserva 2022,https://cav.cl/storage/sku_images/30173.jpg
204,El Principal Calicanto Cabernet Sauvignon / Carmenere 2021,https://cav.cl/storage/sku_images/31495.jpg
205,El Viejo Almacen El Huaso Del Sauzal Pais 2016,https://cav.cl/storage/sku_images/28621.jpg
206,Emiliana Novas Cabernet Sauvignon 2020,https://cav.cl/storage/sku_images/28758.jpg
207,Emiliana Novas Carmenere 2021,https://cav.cl/storage/sku_images/31025.jpg
208,Emiliana 57 Rocas Carmenere 2020,https://cav.cl/storage/sku_images/30609.jpg
209,Emiliana Salvaje Syrah / Roussane 2022,https://cav.cl/storage/sku_images/31351.jpg
210,Emiliana Novas Sauvignon Blanc Gran Reserva 2021,https://cav.cl/storage/sku_images/31156.jpg
211,Encierra Carmenere 2021,https://cav.cl/storage/sku_images/31609.jpg
212,Encierra Vineyard Reserve 2020,https://cav.cl/storage/sku_images/31024.jpg
213,Errazuriz Aconcagua Cuvee Cabernet Sauvignon Gran Reserva 2020,https://cav.cl/storage/sku_images/30044.jpg
214,Errazuriz Max 150 Años Cabernet Sauvignon 2020,https://cav.cl/storage/sku_images/29915.jpg
215,Errazuriz Aconcagua Alto Cabernet Sauvignon 2020,https://cav.cl/storage/sku_images/30133.jpg
216,Errazuriz Estate Reserva Cabernet Sauvignon 2021,https://cav.cl/storage/sku_images/30809.jpg
217,Errazuriz Estate Reserva Cabernet Sauvignon 2020,https://cav.cl/storage/sku_images/28588.jpg
218,Errazuriz Estate Reserva Cabernet Sauvignon 2018,https://cav.cl/storage/sku_images/26072.jpg
219,Errazuriz Max 150 Años Cabernet Sauvignon 2021,https://cav.cl/storage/sku_images/31163.jpg
220,Errazuriz Max Carmenere 2021,https://cav.cl/storage/sku_images/31164.jpg
221,Errazuriz Aconcagua Alto Carmenere 2021,https://cav.cl/storage/sku_images/30808.jpg
222,Errazuriz Estate Reserva Carmenere 2022,https://cav.cl/storage/sku_images/30810.jpg
223,Errazuriz Aconcagua Cuvee Chardonnay Gran Reserva 2021,https://cav.cl/storage/sku_images/30046.jpg
224,Errazuriz Aconcagua Costa Pinot Noir 2020,https://cav.cl/storage/sku_images/28632.jpg
225,Errazuriz Max 150 Años Chardonnay 2018,https://cav.cl/storage/sku_images/27339.jpg
226,Errazuriz Max 150 Años Chardonnay 2022,https://cav.cl/storage/sku_images/31262.jpg
227,Errazuriz Max 150 Años Chardonnay 2021,https://cav.cl/storage/sku_images/30126.jpg
228,Errazuriz The White Blend 2017,https://cav.cl/storage/sku_images/26218.jpg
229,Errazuriz Max VIII Ensamblaje Tinto 2018,https://cav.cl/storage/sku_images/28379.jpg
230,Errazuriz Max 8 Ensamblaje Tinto 2019,https://cav.cl/storage/sku_images/31161.jpg
231,Errazuriz Max VIII Ensamblaje Tinto 2019,https://cav.cl/storage/sku_images/30128.jpg
232,Errazuriz Max 150 Años Malbec 2019,https://cav.cl/storage/sku_images/28181.jpg
233,Errazuriz Max 150 Años Malbec 2020,https://cav.cl/storage/sku_images/30701.jpg
234,Errazuriz Max 150 Años Merlot 2021,https://cav.cl/storage/sku_images/30127.jpg
235,Errazuriz Max 150 Años Pinot Noir 2021,https://cav.cl/storage/sku_images/31165.jpg
236,Errazuriz Max 150 Años Pinot Noir 2020,https://cav.cl/storage/sku_images/28865.jpg
237,Errazuriz Aconcagua Costa Pinot Noir 2019,https://cav.cl/storage/sku_images/27499.jpg
238,Errazuriz Aconcagua Costa Chardonnay 2021,https://cav.cl/storage/sku_images/29531.jpg
239,Errazuriz Aconcagua Costa Sauvignon Blanc 2020,https://cav.cl/storage/sku_images/28710.jpg
240,Errazuriz Aconcagua Cuvee Sauvignon Blanc Gran Reserva 2021,https://cav.cl/storage/sku_images/29984.jpg
241,Errazuriz Aconcagua Costa Sauvignon Blanc 2018,https://cav.cl/storage/sku_images/25958.jpg
242,Errazuriz Aconcagua Cuvee Sauvignon Blanc Gran Reserva 2023,https://cav.cl/storage/sku_images/31433.jpg
243,Errazuriz Max Reserva Sauvignon Blanc 2017,https://cav.cl/storage/sku_images/23604.jpg
244,Errazuriz Max 150 Años Sauvignon Blanc 2021,https://cav.cl/storage/sku_images/29509.jpg
245,Errazuriz Max 150 Años Sauvignon Blanc 2019,https://cav.cl/storage/sku_images/26822.jpg
246,Errazuriz Max Reserva Sauvignon Blanc 2018,https://cav.cl/storage/sku_images/25978.jpg
247,Errazuriz Aconcagua Costa Sauvignon Blanc 2022,https://cav.cl/storage/sku_images/30326.jpg
248,Errazuriz Aconcagua Cuvee Syrah Gran Reserva 2019,https://cav.cl/storage/sku_images/28612.jpg
249,Errazuriz Max 150 Años Shiraz 2020,https://cav.cl/storage/sku_images/29508.jpg
250,Errazuriz Aconcagua Costa Syrah 2021,https://cav.cl/storage/sku_images/31499.jpg
251,Espiritu De Chile Intrepido Cabernet Sauvignon Reserva 2020,https://cav.cl/storage/sku_images/29387.jpg
252,Espiritu De Chile Explorador Cabernet Sauvignon Gran Reserva 2019,https://cav.cl/storage/sku_images/29151.jpg
253,Espiritu De Chile Intrepido Merlot Reserva 2020,https://cav.cl/storage/sku_images/29388.jpg
254,Espiritu De Chile Intrepido Sauvignon Blanc Reserva 2021,https://cav.cl/storage/sku_images/29389.jpg
255,Estampa Gold Cabernet Sauvignon / Syrah / Carmenere / Petit Verdot 2018,https://cav.cl/storage/sku_images/29170.jpg
256,Estampa Gold Carmenere / Cabernet Franc /Cabernet Sauvignon /Petit Verdot 2017,https://cav.cl/storage/sku_images/28306.jpg
257,Estampa Cabernet Sauvignon / Syrah / Malbec Gran Reserva 2019,https://cav.cl/storage/sku_images/29079.jpg
258,Estampa Inspiracion Riesling 2019,https://cav.cl/storage/sku_images/30517.jpg
259,Estampa Inspiracion Riesling 2020,https://cav.cl/storage/sku_images/29080.jpg
260,Fanoa Mezcla Tinta 2017,https://cav.cl/storage/sku_images/28587.jpg
261,Los Intocables Black Cabernet Sauvignon 2020,https://cav.cl/storage/sku_images/29092.jpg
262,Los Intocables Black Malbec 2021,https://cav.cl/storage/sku_images/31070.jpg
263,Flaherty Blend Reserva 2021,https://cav.cl/storage/sku_images/30302.jpg
264,Humo Blanco L'atelier Carmenere Sin Sulfito 2022,https://cav.cl/storage/sku_images/31491.jpg
265,Francois Lurton Humo Blanco Edición Limitada Chardonnay 2020,https://cav.cl/storage/sku_images/30420.jpg
266,Francois Lurton Humo Blanco Grand Cuvee Pinot Noir 2015,https://cav.cl/storage/sku_images/23777.jpg
267,Francois Lurton Humo Blanco Edición Limitada Syrah 2020,https://cav.cl/storage/sku_images/29085.jpg
268,30506,https://cav.cl/storage/sku_images/30627.jpg
269,Garces Silva Boya Pinot Noir 2019,https://cav.cl/storage/sku_images/30817.jpg
270,Garces Silva Boya Sauvignon Blanc 2022,https://cav.cl/storage/sku_images/30873.jpg
271,Garces Silva Amayna Syrah 2020,https://cav.cl/storage/sku_images/30474.jpg
272,Gillmore Aglianico Del Maule 2021,https://cav.cl/storage/sku_images/31284.jpg
273,Gillmore Hacedor De Mundos Cabernet Franc 2018,https://cav.cl/storage/sku_images/30868.jpg
274,Gillmore Vigno Carignan 2015,https://cav.cl/storage/sku_images/30869.jpg
275,Gillmore Collezione Ensamblaje Tinto 2020,https://cav.cl/storage/sku_images/30369.jpg
276,Francois Lurton Humo Blanco Edicion Limitada Cabernet Franc 2021,https://cav.cl/storage/sku_images/31490.jpg
277,Francois Lurton Humo Blanco Edicion Limitada Cabernet Franc 2020,https://cav.cl/storage/sku_images/29495.jpg
278,Haras De Pirque Hussonet Cabernet Sauvignon Gran Reserva 2019,https://cav.cl/storage/sku_images/30714.jpg
279,Haras De Pirque Ecral Carmenere 2020,https://cav.cl/storage/sku_images/30786.jpg
280,Haras De Pirque Albaclara Sauvignon Blanc Gran Reserva 2020,https://cav.cl/storage/sku_images/28887.jpg
281,I Latina Syrah 2019,https://cav.cl/storage/sku_images/31018.jpg
282,San Esteban In Situ Carmenere Reserva 2020,https://cav.cl/storage/sku_images/31545.jpg
283,San Esteban In Situ Chardonnay Reserva 2022,https://cav.cl/storage/sku_images/31546.jpg
284,San Esteban In Situ Signature Wines Cabernet Sauvignon/Sangiovese 2019,https://cav.cl/storage/sku_images/29021.jpg
285,San Esteban In Situ Signature Wines Syrah/Mouvedre 2020,https://cav.cl/storage/sku_images/30705.jpg
286,San Esteban In Situ Laguna Del Inca Ensamblaje Tinto 2019,https://cav.cl/storage/sku_images/31479.jpg
287,San Esteban In Situ Laguna Del Inca Ensamblaje Tinto 2018,https://cav.cl/storage/sku_images/30734.jpg
288,J.bouchon Block Series Cabernet Sauvignon 2018,https://cav.cl/storage/sku_images/27586.jpg
289,J.bouchon Cabernet Sauvignon Reserva 2022,https://cav.cl/storage/sku_images/31306.jpg
290,J.bouchon Block Series Cabernet Sauvignon 2020,https://cav.cl/storage/sku_images/30272.jpg
291,J.bouchon Cabernet Sauvignon Reserva 2021,https://cav.cl/storage/sku_images/29066.jpg
292,J.bouchon Block Series Carmenere 2022,https://cav.cl/storage/sku_images/31356.jpg
293,J.bouchon Sauvignon Blanc Reserva 2022,https://cav.cl/storage/sku_images/31307.jpg
294,J.bouchon Block Series Semillon 2020,https://cav.cl/storage/sku_images/30273.jpg
295,J.bouchon Block Series Semillon 2019,https://cav.cl/storage/sku_images/27588.jpg
296,Kaiken Ultra Malbec 2019,https://cav.cl/storage/sku_images/30471.jpg
297,Ventisquero Kalfu Sumpai Pinot Noir 2017,https://cav.cl/storage/sku_images/25564.jpg
298,Ventisquero Kalfu Sumpai Pinot Noir 2021,https://cav.cl/storage/sku_images/31489.jpg
299,Ventisquero Kalfu Sumpai Pinot Noir 2016,https://cav.cl/storage/sku_images/27845.jpg
300,Ventisquero Kalfu Sumpai Sauvignon Blanc 2022,https://cav.cl/storage/sku_images/31157.jpg
301,Ventisquero Kalfu Sumpai Sauvignon Blanc 2020,https://cav.cl/storage/sku_images/27958.jpg
302,Ventisquero Kalfu Sumpai Syrah 2017,https://cav.cl/storage/sku_images/27957.jpg
303,Korta Beltz Cabernet Franc 2019,https://cav.cl/storage/sku_images/29055.jpg
304,Korta Beltz Cabernet Franc 2018,https://cav.cl/storage/sku_images/28308.jpg
305,Korta Barrel Selection Cabernet Franc 2020,https://cav.cl/storage/sku_images/30704.jpg
306,Korta Selected Vineyard Reserve Cabernet Sauvignon 2021,https://cav.cl/storage/sku_images/30919.jpg
307,Korta Barrel Selection Cabernet Sauvignon 2020,https://cav.cl/storage/sku_images/30311.jpg
308,Korta Beltz Carignan 2018,https://cav.cl/storage/sku_images/29513.jpg
309,Korta Selected Vineyard Reserve Carmenere 2021,https://cav.cl/storage/sku_images/30920.jpg
310,Korta Selected Vineyard Reserve Chardonnay 2022,https://cav.cl/storage/sku_images/30921.jpg
311,Korta Irune Ensamblaje Blanco 2021,https://cav.cl/storage/sku_images/29283.jpg
312,Korta Irune Ensamblaje Blanco 2020,https://cav.cl/storage/sku_images/27840.jpg
313,Korta Reserva De Familia Blend 2019,https://cav.cl/storage/sku_images/30488.jpg
314,Korta Beltz Petit Verdot 2019,https://cav.cl/storage/sku_images/29054.jpg
315,Korta Barrel Selection Petit Verdot 2020,https://cav.cl/storage/sku_images/30073.jpg
316,Korta Seleccion Especial Sauvignon Blanc 2022,https://cav.cl/storage/sku_images/30050.jpg
317,Korta Selected Vineyard Reserve Syrah 2019,https://cav.cl/storage/sku_images/27809.jpg
318,Koyle Royale Carmenere 2020,https://cav.cl/storage/sku_images/31031.jpg
319,Koyle Single Vineyard Carmenere 2021,https://cav.cl/storage/sku_images/30719.jpg
320,La Causa Cinsault 2020,https://cav.cl/storage/sku_images/31028.jpg
321,La Causa Blend 2020,https://cav.cl/storage/sku_images/29230.jpg
322,La Causa Moscatel 2016,https://cav.cl/storage/sku_images/27454.jpg
323,La Causa Pais 2021,https://cav.cl/storage/sku_images/29646.jpg
324,La Celia Pioneer Cabernet Franc 2020,https://cav.cl/storage/sku_images/30079.jpg
325,La Celia Elite Malbec 2020,https://cav.cl/storage/sku_images/30887.jpg
326,La Celia Pioneer Malbec 2020,https://cav.cl/storage/sku_images/28922.jpg
327,Viña La Junta Cabernet Franc Gran Reserva 2019,https://cav.cl/storage/sku_images/29433.jpg
328,Viña La Junta Carignan 2019,https://cav.cl/storage/sku_images/30141.jpg
329,La Playa Cabernet Sauvignon Gran Reserva 2019,https://cav.cl/storage/sku_images/29049.jpg
330,La Playa Cabernet Sauvignon Reserva 2019,https://cav.cl/storage/sku_images/29050.jpg
331,La Rosa Cornellana Volcano Sedimentario Cabernet Franc 2020,https://cav.cl/storage/sku_images/30743.jpg
332,La Rosa La Capitana Single Vineyard Cabernet Franc 2020,https://cav.cl/storage/sku_images/31162.jpg
333,La Rosa La Capitana Cabernet Franc Reserva 2019,https://cav.cl/storage/sku_images/27529.jpg
334,La Rosa La Capitana Single Vineyard Cabernet Franc 2019,https://cav.cl/storage/sku_images/28315.jpg
335,La Rosa La Capitana Cabernet Sauvignon Reserva 2021,https://cav.cl/storage/sku_images/31476.jpg
336,La Rosa Cornellana Volcano Sedimentario Carmenere 2020,https://cav.cl/storage/sku_images/30744.jpg
337,La Rosa La Capitana Carmenere Reserva 2021,https://cav.cl/storage/sku_images/30367.jpg
338,La Rosa La Capitana Single Vineyard Carmenere 2020,https://cav.cl/storage/sku_images/30139.jpg
339,La Rosa La Capitana Carmenere Reserva 2020,https://cav.cl/storage/sku_images/28317.jpg
340,La Rosa La Rosa Carmenere 2021,https://cav.cl/storage/sku_images/31475.jpg
341,La Rosa La Capitana Cabernet Sauvignon / Merlot Reserva 2019,https://cav.cl/storage/sku_images/27119.jpg
342,La Rosa Don Reca Limited Release Cuvee 2018,https://cav.cl/storage/sku_images/28144.jpg
343,La Rosa La Capitana Merlot 2020,https://cav.cl/storage/sku_images/29522.jpg
344,La Rosa La Capitana Pinot Grigio Reserva 2021,https://cav.cl/storage/sku_images/28915.jpg
345,La Rosa La Capitana Sauvignon Blanc Reserva 2021,https://cav.cl/storage/sku_images/28531.jpg
346,La Rosa Cornellana Volcano Sedimentario Syrah 2020,https://cav.cl/storage/sku_images/30595.jpg
347,La Rosa La Capitana Syrah Reserva 2020,https://cav.cl/storage/sku_images/29072.jpg
348,Lafken Single Vineyard Gewurztraminer 2019,https://cav.cl/storage/sku_images/29489.jpg
349,Lafken Single Vineyard Riesling 2021,https://cav.cl/storage/sku_images/29670.jpg
350,Lagar De Codegua Cabernet Sauvignon 2019,https://cav.cl/storage/sku_images/29492.jpg
351,Lagar De Codegua Aluvion Ensamblaje Tinto 2017,https://cav.cl/storage/sku_images/29681.jpg
352,Lagar De Codegua Aluvion Ensamblaje Tinto 2018,https://cav.cl/storage/sku_images/31363.jpg
353,Lapostolle Cuvee Alexandre Cabernet Sauvignon 2021,https://cav.cl/storage/sku_images/30333.jpg
354,Lapostolle Cuvee Alexandre Carmenere 2021,https://cav.cl/storage/sku_images/30334.jpg
355,Lapostolle Apalta Ensamblaje Tinto 2021,https://cav.cl/storage/sku_images/30995.jpg
356,Lapostolle Grand Selection Merlot 2021,https://cav.cl/storage/sku_images/30504.jpg
357,Las Veletas Cuartel N°5 Cabernet Franc 2019,https://cav.cl/storage/sku_images/30779.jpg
358,Las Veletas Estate Cabernet Sauvignon 2018,https://cav.cl/storage/sku_images/29060.jpg
359,Las Veletas Cuartel N°73 Carignan 2020,https://cav.cl/storage/sku_images/30526.jpg
360,Las Veletas Estate Carmenere 2019,https://cav.cl/storage/sku_images/31346.jpg
361,Las Veletas Cuartel N°60 Carmenere 2019,https://cav.cl/storage/sku_images/31069.jpg
362,Las Veletas Cuartel N°60 Carmenere 2018,https://cav.cl/storage/sku_images/29062.jpg
363,Las Veletas Petit Verdot/Cabernet Franc 2021,https://cav.cl/storage/sku_images/30882.jpg
364,Las Veletas Grenache/Mouvedre/Carignan 2019,https://cav.cl/storage/sku_images/27796.jpg
365,Las Veletas Cabernet Sauvignon/Cabernet Franc 2018,https://cav.cl/storage/sku_images/27728.jpg
366,Las Veletas Grenache/Mouvedre/Carignan 2018,https://cav.cl/storage/sku_images/26842.jpg
367,Las Veletas Estate Pais 2020,https://cav.cl/storage/sku_images/31345.jpg
368,Las Veletas Almaule Pais 2021,https://cav.cl/storage/sku_images/30426.jpg
369,Las Veletas Estate Sauvignon Blanc 2019,https://cav.cl/storage/sku_images/29061.jpg
370,Las Veletas Estate Viognier 2018,https://cav.cl/storage/sku_images/28981.jpg
371,Las Veletas Estate Viognier 2022,https://cav.cl/storage/sku_images/30078.jpg
372,Leyda Lot 5 Chardonnay 2022,https://cav.cl/storage/sku_images/31659.jpg
373,Leyda Coastal Vineyard Las Brisas Pinot Noir 2022,https://cav.cl/storage/sku_images/31501.jpg
374,Leyda Lot 21 Pinot Noir Premium 2022,https://cav.cl/storage/sku_images/31297.jpg
375,Leyda Coastal Vineyard Garuma Sauvignon Blanc 2022,https://cav.cl/storage/sku_images/30782.jpg
376,Leyda Lot 4 Sauvignon Blanc 2020,https://cav.cl/storage/sku_images/31275.jpg
377,Leyda Lot 4 Sauvignon Blanc 2019,https://cav.cl/storage/sku_images/30783.jpg
378,Leyda Lot 4 Sauvignon Blanc 2017,https://cav.cl/storage/sku_images/29749.jpg
379,Leyda Single Vineyard Canelo Syrah 2018,https://cav.cl/storage/sku_images/29639.jpg
380,Lof Syrah Premium 2019,https://cav.cl/storage/sku_images/28923.jpg
381,Loma Larga Unfiltered Cabernet Franc 2018,https://cav.cl/storage/sku_images/29457.jpg
382,Loma Larga Lomas Del Valle Quinteto Red Blend 2021,https://cav.cl/storage/sku_images/31607.jpg
383,Loma Larga Malbec 2021,https://cav.cl/storage/sku_images/31494.jpg
384,Loma Larga Lomas Del Valle Pinot Noir 2018,https://cav.cl/storage/sku_images/30103.jpg
385,Longavi Sauvignon Blanc 2015,https://cav.cl/storage/sku_images/21620.jpg
386,Los Vascos Cromas Cabernet Sauvignon Gran Reserva 2019,https://cav.cl/storage/sku_images/30163.jpg
387,Los Vascos Cromas Carmenere Gran Reserva 2021,https://cav.cl/storage/sku_images/31556.jpg
388,Luis Felipe Edwards 360°Series Cabernet Franc 2019,https://cav.cl/storage/sku_images/28543.jpg
389,Luis Felipe Edwards Carmenere Gran Reserva 2021,https://cav.cl/storage/sku_images/30464.jpg
390,Matetic Corralillo Cabernet Sauvignon 2019,https://cav.cl/storage/sku_images/30303.jpg
391,Matetic Corralillo Sauvignon Blanc 2022,https://cav.cl/storage/sku_images/30720.jpg
392,Maturana Wines Lucas Cabernet Sauvignon 2019,https://cav.cl/storage/sku_images/30699.jpg
393,Maturana Wines Ascension Chardonnay 2021,https://cav.cl/storage/sku_images/30698.jpg
394,Maturana Wines Pai Gar Garnacha 2020,https://cav.cl/storage/sku_images/31273.jpg
395,Maturana Wines Pai Gar Garnacha 2019,https://cav.cl/storage/sku_images/27658.jpg
396,Puente Austral Merlot Gran Reserva 2019,https://cav.cl/storage/sku_images/28272.jpg
397,Maturana Wines Negra San Francisco 2022,https://cav.cl/storage/sku_images/30643.jpg
398,Maturana Wines Parellon Semillon 2022,https://cav.cl/storage/sku_images/31287.jpg
399,Maturana Wines Parellon Semillon 2021,https://cav.cl/storage/sku_images/30644.jpg
400,Maturana Wines Naranjo Torontel 2022,https://cav.cl/storage/sku_images/31286.jpg
401,Miguel Torres Cordillera De Los Andes Reserva Especial Cabernet Sauvignon 2020,https://cav.cl/storage/sku_images/29233.jpg
402,Miguel Torres Cordillera De Los Andes Reserva Especial Cabernet Sauvignon 2021,https://cav.cl/storage/sku_images/30915.jpg
403,Miguel Torres Cordillera Vigno Carignan 2018,https://cav.cl/storage/sku_images/28897.jpg
404,Miguel Torres Cordillera De Los Andes Reserva Especial Carmenere 2021,https://cav.cl/storage/sku_images/30996.jpg
405,Miguel Torres Cordillera De Los Andes Reserva Especial Chardonnay 2021,https://cav.cl/storage/sku_images/30072.jpg
406,Miguel Torres Tenaz Cinsault 2020,https://cav.cl/storage/sku_images/30099.jpg
407,Miguel Torres Almado Ensamblaje Tinto 2018,https://cav.cl/storage/sku_images/29469.jpg
408,Miguel Torres Cordillera Sauvignon Blanc 2022,https://cav.cl/storage/sku_images/31343.jpg
409,Miguel Torres Cordillera Sauvignon Blanc 2021,https://cav.cl/storage/sku_images/29536.jpg
410,Millaman Estate Reserve Cabernet Sauvignon 2020,https://cav.cl/storage/sku_images/28941.jpg
411,Millaman Limited Reserve Malbec 2021,https://cav.cl/storage/sku_images/30768.jpg
412,Millaman Paya Malbec 2019,https://cav.cl/storage/sku_images/30804.jpg
413,Mision Cabernet Sauvignon 2021,https://cav.cl/storage/sku_images/31465.jpg
414,Mision Cabernet Sauvignon 2022,https://cav.cl/storage/sku_images/31383.jpg
415,Mision Cabernet Sauvignon 2020,https://cav.cl/storage/sku_images/29478.jpg
416,Misiones De Rengo Black Gran Reserva Cabernet Sauvignon 2019,https://cav.cl/storage/sku_images/29479.jpg
417,Misiones De Rengo Black Gran Reserva Carmenere 2020,https://cav.cl/storage/sku_images/29566.jpg
418,Mision Red Blend 2020,https://cav.cl/storage/sku_images/29075.jpg
419,Montes Alpha Merlot 2021,https://cav.cl/storage/sku_images/30503.jpg
420,Intriga Cabernet Sauvignon 2019,https://cav.cl/storage/sku_images/28757.jpg
421,Montgras Antu Single Vineyard Carmenere 2021,https://cav.cl/storage/sku_images/30338.jpg
422,Montgras Quatro Ensamblaje Tinto 2021,https://cav.cl/storage/sku_images/29695.jpg
423,Montgras Antu Grenache / Syrah / Carignan 2018,https://cav.cl/storage/sku_images/27832.jpg
424,Montsecano Migrante Malbec / Pinot Noir 2019,https://cav.cl/storage/sku_images/28579.jpg
425,Morande Edicion Limitada El Padre Cabernet Franc 2019,https://cav.cl/storage/sku_images/29451.jpg
426,Morande Seleccion De Viñedos Cabernet Sauvignon Gran Reserva 2021,https://cav.cl/storage/sku_images/30637.jpg
427,Morande Vitis Unica Cabernet Sauvignon 2021,https://cav.cl/storage/sku_images/30938.jpg
428,Morande Adventure Vigno 2019,https://cav.cl/storage/sku_images/29272.jpg
429,Morande Edicion Limitada Carmenere 2021,https://cav.cl/storage/sku_images/31394.jpg
430,Morande Seleccion De Viñedos Carmenere Gran Reserva 2021,https://cav.cl/storage/sku_images/30636.jpg
431,Morande Vitis Unica Carmenere 2021,https://cav.cl/storage/sku_images/31596.jpg
432,Morande Vitis Unica Carmenere 2020,https://cav.cl/storage/sku_images/30937.jpg
433,Morande Vitis Unica Chardonnay 2020,https://cav.cl/storage/sku_images/31333.jpg
434,Morande Seleccion Enologica Chardonnay 2019,https://cav.cl/storage/sku_images/28973.jpg
435,Morande Edicion Limitada El Huaso Y La Dama Syrah / Cabernet Sauvignon 2020,https://cav.cl/storage/sku_images/31527.jpg
436,Morande Edicion Limitada El Huaso Y La Dama Syrah / Cabernet Sauvignon 2019,https://cav.cl/storage/sku_images/29250.jpg
437,Morande Vitis Unica Pinot Noir 2020,https://cav.cl/storage/sku_images/31393.jpg
438,Morande Estate Reserve Sauvignon Blanc 2021,https://cav.cl/storage/sku_images/29252.jpg
439,Morande Gran Reserva Sauvignon Blanc 2021,https://cav.cl/storage/sku_images/30129.jpg
440,Morande Gran Reserva Sauvignon Blanc 2020,https://cav.cl/storage/sku_images/29217.jpg
441,Morande Vitis Unica Sauvignon Blanc 2021,https://cav.cl/storage/sku_images/31334.jpg
442,Morande Edicion Limitada Blanco De Foudres Sauvignon Blanc 2014,https://cav.cl/storage/sku_images/19700.jpg
443,Moretta Wines Ceniciento Cabernet Sauvignon 2020,https://cav.cl/storage/sku_images/28676.jpg
444,Moretta Wines Carigno Del Maule Carignan 2021,https://cav.cl/storage/sku_images/30724.jpg
445,Nobel Soneto Cabernet Sauvignon 2020,https://cav.cl/storage/sku_images/31211.jpg
446,Nobel Serafine Cabernet Sauvignon 2020,https://cav.cl/storage/sku_images/30048.jpg
447,Nobel Soneto Carmenere 2020,https://cav.cl/storage/sku_images/31212.jpg
448,Nobel Serafine Chardonnay 2021,https://cav.cl/storage/sku_images/30049.jpg
449,Nobel Soneto Sauvignon Blanc 2021,https://cav.cl/storage/sku_images/31213.jpg
450,Odfjell Orzada Carignan 2021,https://cav.cl/storage/sku_images/31449.jpg
451,Odfjell Orzada Carmenere 2020,https://cav.cl/storage/sku_images/29119.jpg
452,Odfjell Capitulo Flying Fish Malbec/Cabernet Sauvignon/Carignan 2022,https://cav.cl/storage/sku_images/31448.jpg
453,Odfjell Orzada Malbec 2019,https://cav.cl/storage/sku_images/28341.jpg
454,Odfjell Armador Sauvignon Blanc 2020,https://cav.cl/storage/sku_images/27953.jpg
455,Orbis Cabernet Sauvignon Reserva 2020,https://cav.cl/storage/sku_images/28493.jpg
456,Orbis Carmenere Reserva 2020,https://cav.cl/storage/sku_images/28494.jpg
457,Orbis Sauvignon Blanc Reserva 2021,https://cav.cl/storage/sku_images/28495.jpg
458,Oveja Negra Single Vineyard Cabernet Sauvignon 2018,https://cav.cl/storage/sku_images/29577.jpg
459,Oveja Negra Cabernet Sauvignon Gran Reserva 2020,https://cav.cl/storage/sku_images/29313.jpg
460,Oveja Negra Cabernet Sauvignon Gran Reserva 2021,https://cav.cl/storage/sku_images/31665.jpg
461,Oveja Negra Single Vineyard Cabernet Sauvignon 2017,https://cav.cl/storage/sku_images/27687.jpg
462,Oveja Negra Single Vineyard Carignan 2019,https://cav.cl/storage/sku_images/30928.jpg
463,Oveja Negra Single Vineyard Carmenere 2019,https://cav.cl/storage/sku_images/30461.jpg
464,Oveja Negra Carmenere Gran Reserva 2021,https://cav.cl/storage/sku_images/29611.jpg
465,Oveja Negra Chardonnay Gran Reserva 2022,https://cav.cl/storage/sku_images/30745.jpg
466,Oveja Negra Lost Barrel Ensamblaje Tinto 2018,https://cav.cl/storage/sku_images/28292.jpg
467,Oveja Negra Cabernet Franc / Carmenere Gran Reserva 2021,https://cav.cl/storage/sku_images/31337.jpg
468,Oveja Negra Cabernet Franc / Carmenere Gran Reserva 2020,https://cav.cl/storage/sku_images/28584.jpg
469,Sideways By Rex Pickett Pinot Noir 2016,https://cav.cl/storage/sku_images/26588.jpg
470,Ovni Wines Octavo Pasajero Carignan 2019,https://cav.cl/storage/sku_images/30822.jpg
471,Perez Cruz Cabernet Sauvignon Gran Reserva 2021,https://cav.cl/storage/sku_images/30927.jpg
472,Perez Cruz Limited Edition Carmenere 2021,https://cav.cl/storage/sku_images/30101.jpg
473,Perez Cruz Grenache 2021,https://cav.cl/storage/sku_images/29537.jpg
474,Perez Cruz Grenache 2022,https://cav.cl/storage/sku_images/31622.jpg
475,Royal One Premier Reserve Cabernet Sauvignon 2021,https://cav.cl/storage/sku_images/30417.jpg
476,Pons Raineri Cocoliche Carmenere Gran Reserva 2020,https://cav.cl/storage/sku_images/30763.jpg
477,Puente Austral Cabernet Sauvignon Gran Reserva 2020,https://cav.cl/storage/sku_images/31392.jpg
478,Puente Austral Unique Terroir Cabernet Sauvignon 2018,https://cav.cl/storage/sku_images/30465.jpg
479,Punti Ferrer Conforme Cabernet Sauvignon 2018,https://cav.cl/storage/sku_images/30224.jpg
480,Punti Ferrer Cabernet Sauvignon Gran Reserva 2019,https://cav.cl/storage/sku_images/29384.jpg
481,Punti Ferrer Cabernet Sauvignon Reserva 2020,https://cav.cl/storage/sku_images/28236.jpg
482,Punti Ferrer Cabernet Sauvignon Reserva 2019,https://cav.cl/storage/sku_images/27801.jpg
483,Punti Ferrer Carmenere Gran Reserva 2019,https://cav.cl/storage/sku_images/29385.jpg
484,Punti Ferrer Carmenere Reserva 2020,https://cav.cl/storage/sku_images/28237.jpg
485,Punti Ferrer Malbec Gran Reserva 2020,https://cav.cl/storage/sku_images/30942.jpg
486,Punti Ferrer Sauvignon Blanc Reserva 2021,https://cav.cl/storage/sku_images/28238.jpg
487,Ranquilhue Pumanquino Petit Verdot 2021,https://cav.cl/storage/sku_images/30628.jpg
488,San Pedro Castillo De Molina Cabernet Sauvignon Gran Reserva 2022,https://cav.cl/storage/sku_images/31584.jpg
489,San Pedro Castillo De Molina Tributo Gran Reserva Cabernet Sauvignon 2020,https://cav.cl/storage/sku_images/28813.jpg
490,San Pedro 1865 Double Barrel Cabernet Sauvignon 2019,https://cav.cl/storage/sku_images/30225.jpg
491,San Pedro Castillo De Molina Cabernet Sauvignon Gran Reserva 2021,https://cav.cl/storage/sku_images/30226.jpg
492,San Pedro 1865 Selected Vineyard Cabernet Sauvignon 2021,https://cav.cl/storage/sku_images/30431.jpg
493,San Pedro Castillo De Molina Carmenere Gran Reserva 2022,https://cav.cl/storage/sku_images/30991.jpg
494,San Pedro Castillo De Molina Tributo Gran Reserva Carmenere 2021,https://cav.cl/storage/sku_images/30357.jpg
495,San Pedro 1865 Selected Vineyard Carmenere 2021,https://cav.cl/storage/sku_images/30646.jpg
496,San Pedro 1865 Master Blend 2021,https://cav.cl/storage/sku_images/31582.jpg
497,San Pedro 1865 Master Blend 2020,https://cav.cl/storage/sku_images/30069.jpg
498,San Pedro Tayu 1865 Pinot Noir 2020,https://cav.cl/storage/sku_images/29565.jpg
499,San Pedro 1865 Single Vineyard Sauvignon Blanc 2016,https://cav.cl/storage/sku_images/23768.jpg
500,San Pedro 1865 Selected Vineyard Sauvignon Blanc 2022,https://cav.cl/storage/sku_images/30432.jpg
501,San Pedro 1865 Selected Vineyard Sauvignon Blanc 2021,https://cav.cl/storage/sku_images/29519.jpg
502,Carolina Sauvignon Blanc Gran Reserva 2021,https://cav.cl/storage/sku_images/28946.jpg
503,Santa Cruz Chaman Gran Reserva Cabernet Sauvignon 2020,https://cav.cl/storage/sku_images/30989.jpg
504,Santa Cruz Chaman Gran Reserva Carmenere 2021,https://cav.cl/storage/sku_images/31040.jpg
505,Santa Cruz Gran Chaman Ensamblaje Tinto 2019,https://cav.cl/storage/sku_images/29116.jpg
506,Santa Cruz Make Make Ensamblaje Tinto 2018,https://cav.cl/storage/sku_images/29115.jpg
507,Santa Cruz Chaman Cabernet Sauvignon / Carmenere Reserva 2021,https://cav.cl/storage/sku_images/31360.jpg
508,Santa Cruz Chaman Cabernet Sauvignon / Carmenere Reserva 2020,https://cav.cl/storage/sku_images/29651.jpg
509,Santa Cruz Chaman Gran Reserva Malbec 2021,https://cav.cl/storage/sku_images/30988.jpg
510,Santa Cruz Chaman Sauvignon Blanc  Reserva 2018,https://cav.cl/storage/sku_images/27012.jpg
511,Santa Ema Cabernet Sauvignon Gran Reserva 2021,https://cav.cl/storage/sku_images/30472.jpg
512,Santa Ema Amplus Cabernet Sauvignon Premium 2020,https://cav.cl/storage/sku_images/30877.jpg
513,Santa Ema Carmenere Gran Reserva 2022,https://cav.cl/storage/sku_images/30876.jpg
514,Santa Ema Amplus One Carmenere Premium 2020,https://cav.cl/storage/sku_images/30030.jpg
515,Santa Ema Amplus One Carmenere Premium 2021,https://cav.cl/storage/sku_images/31206.jpg
516,Santa Ema Chardonnay Gran Reserva 2022,https://cav.cl/storage/sku_images/31160.jpg
517,Santa Ema Amplus Chardonnay Premium 2020,https://cav.cl/storage/sku_images/29959.jpg
518,Santa Ema Barrel Reserve 60/40 Cabernet Sauvignon/Merlot 2021,https://cav.cl/storage/sku_images/30212.jpg
519,Santa Ema Barrel Reserve 60/40 Cabernet Sauvignon/Carmenere 2021,https://cav.cl/storage/sku_images/31600.jpg
520,Santa Ema Merlot Gran Reserva 2022,https://cav.cl/storage/sku_images/31270.jpg
521,Santa Ema Amplus Merlot Premium 2020,https://cav.cl/storage/sku_images/29586.jpg
522,Santa Rita Floresta Cabernet Franc 2020,https://cav.cl/storage/sku_images/31352.jpg
523,Santa Rita Casa Real Cabernet Sauvignon 2020,https://cav.cl/storage/sku_images/29196.jpg
524,Santa Rita Medalla Real Gold Medal Cabernet Sauvignon Reserva 2018,https://cav.cl/storage/sku_images/28604.jpg
525,Cabernario N°8 2021,https://cav.cl/storage/sku_images/31166.jpg
526,Santa Rita Floresta Cabernet Sauvignon 2020,https://cav.cl/storage/sku_images/31614.jpg
527,Santa Rita Medalla Real Gold Medal Cabernet Sauvignon Reserva 2021,https://cav.cl/storage/sku_images/31412.jpg
528,Cabernario N°8 2020,https://cav.cl/storage/sku_images/29197.jpg
529,Santa Rita Casa Real Cabernet Sauvignon 2021,https://cav.cl/storage/sku_images/31615.jpg
530,Santa Rita Casa Real Cabernet Sauvignon 2019,https://cav.cl/storage/sku_images/28408.jpg
531,Santa Rita Casa Real Carmenere 2021,https://cav.cl/storage/sku_images/30404.jpg
532,Santa Rita Floresta Chardonnay 2020,https://cav.cl/storage/sku_images/29599.jpg
533,Cabernario Red Blend 2021,https://cav.cl/storage/sku_images/29601.jpg
534,Santa Rita Casa Real Merlot 2018,https://cav.cl/storage/sku_images/29320.jpg
535,Santa Rita Casa Real Merlot 2020,https://cav.cl/storage/sku_images/31353.jpg
536,Santa Rita Medalla Real Pinot Noir Gran Reserva 2019,https://cav.cl/storage/sku_images/27515.jpg
537,Santa Rita Medalla Real Pinot Noir Gran Reserva 2021,https://cav.cl/storage/sku_images/29013.jpg
538,Santa Rita Casa Real Syrah 2021,https://cav.cl/storage/sku_images/30109.jpg
539,Santa Rita Casa Real Syrah 2022,https://cav.cl/storage/sku_images/31071.jpg
540,Santa Rita Casa Real Syrah 2019,https://cav.cl/storage/sku_images/27802.jpg
541,Schwaderer Wines Pinot Noir 2019,https://cav.cl/storage/sku_images/27696.jpg
542,Sutil Grand Reserve Cabernet Sauvignon 2021,https://cav.cl/storage/sku_images/30826.jpg
543,Sutil Grand Reserve Cabernet Sauvignon 2019,https://cav.cl/storage/sku_images/28414.jpg
544,Sutil Grand Reserve Carmenere 2021,https://cav.cl/storage/sku_images/30827.jpg
545,Sutil Limited Release Chardonnay 2020,https://cav.cl/storage/sku_images/28948.jpg
546,Sutil Reserve Merlot 2020,https://cav.cl/storage/sku_images/30418.jpg
547,Sutil Reserve Sauvignon Blanc 2022,https://cav.cl/storage/sku_images/30419.jpg
548,Sutil Grand Reserve Sauvignon Blanc 2022,https://cav.cl/storage/sku_images/30828.jpg
549,Sutil Limited Release Syrah 2019,https://cav.cl/storage/sku_images/29047.jpg
550,Tabali Vetas Blancas Cabernet Franc 2021,https://cav.cl/storage/sku_images/31451.jpg
551,Tabali Pedregoso Cabernet Sauvignon Gran Reserva 2019,https://cav.cl/storage/sku_images/27081.jpg
552,Tabali Talud Cabernet Sauvignon 2020,https://cav.cl/storage/sku_images/30542.jpg
553,Tabali Talinay Chardonnay 2022,https://cav.cl/storage/sku_images/30925.jpg
554,Tabali Talinay Pinot Noir 2020,https://cav.cl/storage/sku_images/31387.jpg
555,Tabali Vetas Blancas Syrah 2018,https://cav.cl/storage/sku_images/29375.jpg
556,Tarapaca Gran Reserva Cabernet Sauvignon 2021,https://cav.cl/storage/sku_images/30964.jpg
557,Tarapaca Gran Reserva Cabernet Sauvignon Etiqueta Negra 2021,https://cav.cl/storage/sku_images/31581.jpg
558,Tarapaca Gran Reserva Carmenere 2022,https://cav.cl/storage/sku_images/31503.jpg
559,Tarapaca Gran Reserva Carmenere Etiqueta Negra 2021,https://cav.cl/storage/sku_images/30358.jpg
560,Tarapaca Gran Reserva Etiqueta Roja Ensamblaje Tinto 2022,https://cav.cl/storage/sku_images/31331.jpg
561,Tarapaca Gran Reserva Biodiversity Blend 2020,https://cav.cl/storage/sku_images/29368.jpg
562,Tarapaca Gran Reserva Red Blend Organico 2021,https://cav.cl/storage/sku_images/30647.jpg
563,Tarapaca Gran Reserva Red Blend Organico 2020,https://cav.cl/storage/sku_images/29468.jpg
564,Tarapaca Gran Reserva Etiqueta Roja Ensamblaje Tinto 2021,https://cav.cl/storage/sku_images/30784.jpg
565,Tarapaca Gran Reserva Serie #4 Red Blend 2021,https://cav.cl/storage/sku_images/31531.jpg
566,Terrapura Cabernet Sauvignon Reserva 2021,https://cav.cl/storage/sku_images/30522.jpg
567,Terrapura Carmenere Reserva 2021,https://cav.cl/storage/sku_images/30523.jpg
568,Terrapura Sauvignon Blanc Reserva 2022,https://cav.cl/storage/sku_images/30524.jpg
569,Terramater Vineyard Reserve Cabernet Sauvignon 2021,https://cav.cl/storage/sku_images/30633.jpg
570,Terramater Altum Cabernet Sauvignon 2020,https://cav.cl/storage/sku_images/30339.jpg
571,Terramater Vineyard Reserve Cabernet Sauvignon 2019,https://cav.cl/storage/sku_images/27760.jpg
572,Terramater Magis Limited Reserve Cabernet Sauvignon 2020,https://cav.cl/storage/sku_images/30340.jpg
573,Terramater Limited Reserve Carmenere 2020,https://cav.cl/storage/sku_images/30341.jpg
574,Terramater Vineyard Reserve Chardonnay 2021,https://cav.cl/storage/sku_images/30635.jpg
575,Terramater Altum Chardonnay 2021,https://cav.cl/storage/sku_images/30924.jpg
576,Terramater Altum Syrah 2017,https://cav.cl/storage/sku_images/28368.jpg
577,Miguel Torres Sangre De Toro Blend Reserva 2018,https://cav.cl/storage/sku_images/30543.jpg
578,Miguel Torres Sangre De Toro Original Blend 2021,https://cav.cl/storage/sku_images/30209.jpg
579,Trabun Soloist Syrah 2017,https://cav.cl/storage/sku_images/29572.jpg
580,Trapi Del Bueno Hand Made Pinot Noir 2020,https://cav.cl/storage/sku_images/31309.jpg
581,Tres Palacios Cabernet Sauvignon Reserva 2019,https://cav.cl/storage/sku_images/29631.jpg
582,Tres Palacios Merlot Reserva 2019,https://cav.cl/storage/sku_images/29632.jpg
583,Viña Trivento Golden Reserve Malbec 2020,https://cav.cl/storage/sku_images/31530.jpg
584,Undurraga Cauquenes Estate Cabernet Sauvignon 2018,https://cav.cl/storage/sku_images/28084.jpg
585,Undurraga Aliwen Organico Cabernet Sauvignon Reserva 2020,https://cav.cl/storage/sku_images/29317.jpg
586,Undurraga Sibaris Cabernet Sauvignon Gran Reserva 2021,https://cav.cl/storage/sku_images/31426.jpg
587,Undurraga Aliwen Cabernet Sauvignon Reserva 2021,https://cav.cl/storage/sku_images/30267.jpg
588,Undurraga TH Cabernet Sauvignon Maipo Alto 2021,https://cav.cl/storage/sku_images/30775.jpg
589,Undurraga Aliwen Cabernet Sauvignon Gran Reserva 2022,https://cav.cl/storage/sku_images/31542.jpg
590,Siciliano Cabernet Sauvignon 2019,https://cav.cl/storage/sku_images/30878.jpg
591,Undurraga Founder´s Collection Cabernet Sauvignon 2020,https://cav.cl/storage/sku_images/30858.jpg
592,Undurraga TH Carignan Maule 2021,https://cav.cl/storage/sku_images/30870.jpg
593,Undurraga Cauquenes Estate Carignan 2019,https://cav.cl/storage/sku_images/28085.jpg
594,Undurraga Vigno Carignan 2020,https://cav.cl/storage/sku_images/31453.jpg
595,Undurraga Aliwen Carmenere Reserva 2021,https://cav.cl/storage/sku_images/30268.jpg
596,Undurraga Cauquenes Estate Carmenere 2018,https://cav.cl/storage/sku_images/28331.jpg
597,Undurraga Founder´s Collection Carmenere 2021,https://cav.cl/storage/sku_images/31554.jpg
598,Undurraga TH Chardonnay - Limari 2022,https://cav.cl/storage/sku_images/30853.jpg
599,Undurraga Sibaris Black Series Cinsault 2020,https://cav.cl/storage/sku_images/30859.jpg
600,Undurraga TH Rarities Riesling / Sauvignon Gris 2022,https://cav.cl/storage/sku_images/31358.jpg
601,Undurraga Sibaris Black Series Viognier/Roussane 2020,https://cav.cl/storage/sku_images/28513.jpg
602,Undurraga TH Rarities Riesling / Sauvignon Gris 2021,https://cav.cl/storage/sku_images/30612.jpg
603,Undurraga TH Rarities Garnacha/Cariñena/Monastrell 2020,https://cav.cl/storage/sku_images/29341.jpg
604,Undurraga Sibaris Black Series Syrah / Carignan / Grenache 2019,https://cav.cl/storage/sku_images/28860.jpg
605,Undurraga Sibaris Black Series Syrah / Carignan / Grenache 2021,https://cav.cl/storage/sku_images/31505.jpg
606,Undurraga TH Rarities Pais/Cinsault 2020,https://cav.cl/storage/sku_images/29178.jpg
607,Undurraga TH Merlot Casablanca 2021,https://cav.cl/storage/sku_images/30343.jpg
608,Undurraga Sibaris Merlot Gran Reserva 2021,https://cav.cl/storage/sku_images/30494.jpg
609,Undurraga TH Rarities Montepulciano 2020,https://cav.cl/storage/sku_images/30144.jpg
610,Undurraga TH Pinot Noir Leyda 2020,https://cav.cl/storage/sku_images/29654.jpg
611,Undurraga TH Pinot Noir Leyda 2022,https://cav.cl/storage/sku_images/31413.jpg
612,Undurraga TH Pinot Noir Malleco 2020,https://cav.cl/storage/sku_images/30493.jpg
613,Undurraga TH Pinot Noir Malleco 2019,https://cav.cl/storage/sku_images/29528.jpg
614,Undurraga Aliwen Sauvignon Blanc Reserva 2021,https://cav.cl/storage/sku_images/28585.jpg
615,Undurraga TH Sauvignon Blanc Limari 2022,https://cav.cl/storage/sku_images/30930.jpg
616,Undurraga Aliwen Organico Sauvignon Blanc Reserva 2021,https://cav.cl/storage/sku_images/29218.jpg
617,Undurraga TH Sauvignon Blanc Leyda 2022,https://cav.cl/storage/sku_images/30929.jpg
618,Undurraga Sibaris Sauvignon Blanc Gran Reserva 2022,https://cav.cl/storage/sku_images/31427.jpg
619,Undurraga TH Syrah - Leyda 2021,https://cav.cl/storage/sku_images/30613.jpg
620,Valdivieso Single Vineyard Cabernet Franc 2018,https://cav.cl/storage/sku_images/29562.jpg
621,Valdivieso Single Vineyard Cabernet Sauvignon 2018,https://cav.cl/storage/sku_images/28815.jpg
622,Valdivieso Single Vineyard Cabernet Sauvignon 2017,https://cav.cl/storage/sku_images/29589.jpg
623,Valdivieso Single Vineyard Carmenere 2020,https://cav.cl/storage/sku_images/29401.jpg
624,Valdivieso Single Vineyard Chardonnay 2020,https://cav.cl/storage/sku_images/28051.jpg
625,Valdivieso Single Vineyard Malbec 2019,https://cav.cl/storage/sku_images/29125.jpg
626,Valdivieso Single Vineyard Pinot Noir 2017,https://cav.cl/storage/sku_images/27259.jpg
627,Valdivieso Single Vineyard Pinot Noir 2019,https://cav.cl/storage/sku_images/31396.jpg
628,Valdivieso Single Vineyard Pinot Noir 2018,https://cav.cl/storage/sku_images/27046.jpg
629,Valdivieso Valley Selection Sauvignon Blanc 2018,https://cav.cl/storage/sku_images/27253.jpg
630,Valdivieso Single Vineyard Sauvignon Blanc 2018,https://cav.cl/storage/sku_images/27452.jpg
631,Valdivieso Single Vineyard Sauvignon Blanc 2017,https://cav.cl/storage/sku_images/24234.jpg
632,Valdivieso Single Vineyard Syrah 2020,https://cav.cl/storage/sku_images/31397.jpg
633,Valdivieso Single Vineyard Syrah 2015,https://cav.cl/storage/sku_images/29126.jpg
634,Valdivieso Single Vineyard Syrah 2018,https://cav.cl/storage/sku_images/28053.jpg
635,Valle Secreto Private Cabernet Franc 2019,https://cav.cl/storage/sku_images/28089.jpg
636,Valle Secreto Origen Cabernet Franc 2019,https://cav.cl/storage/sku_images/28101.jpg
637,Valle Secreto First Edition Cabernet Sauvignon 2021,https://cav.cl/storage/sku_images/30435.jpg
638,Valle Secreto Private Cabernet Sauvignon 2017,https://cav.cl/storage/sku_images/28821.jpg
639,Valle Secreto First Edition Carmenere 2021,https://cav.cl/storage/sku_images/30274.jpg
640,Valle Secreto Private Carmenere 2021,https://cav.cl/storage/sku_images/30914.jpg
641,Valle Secreto Private Chardonnay 2019,https://cav.cl/storage/sku_images/28090.jpg
642,Valle Secreto First Edition Syrah 2021,https://cav.cl/storage/sku_images/30913.jpg
643,Ventisquero Queulat Cabernet Sauvignon Gran Reserva 2019,https://cav.cl/storage/sku_images/29039.jpg
644,Ventisquero Grey Single Block Cabernet Sauvignon 2021,https://cav.cl/storage/sku_images/31390.jpg
645,Ventisquero Grey Single Block Cabernet Sauvignon 2019,https://cav.cl/storage/sku_images/28169.jpg
646,Ventisquero Grey Single Block Carmenere 2021,https://cav.cl/storage/sku_images/31241.jpg
647,Ventisquero Grey Single Block Garnacha / Cariñena / Mataro 2020,https://cav.cl/storage/sku_images/29042.jpg
648,Ventisquero Grey Single Block Pinot Noir 2021,https://cav.cl/storage/sku_images/31454.jpg
649,Ventisquero Grey Single Block Sauvignon Blanc 2022,https://cav.cl/storage/sku_images/31455.jpg
650,Ventisquero Queulat Syrah Gran Reserva 2019,https://cav.cl/storage/sku_images/29041.jpg
651,Veramonte Carmenere Gran Reserva 2020,https://cav.cl/storage/sku_images/29636.jpg
652,Veramonte Primus The Blend 2019,https://cav.cl/storage/sku_images/29752.jpg
653,Veramonte Ritual Pinot Noir 2019,https://cav.cl/storage/sku_images/31020.jpg
654,Veramonte Ritual Sauvignon Blanc 2017,https://cav.cl/storage/sku_images/30174.jpg
655,Veramonte Sauvignon Blanc Organico Reserva 2022,https://cav.cl/storage/sku_images/29660.jpg
656,Vik A Cabernet Sauvignon 2021,https://cav.cl/storage/sku_images/31159.jpg
657,Viña Villalobos Nativa Pais 2020,https://cav.cl/storage/sku_images/30513.jpg
658,Villard Expresion Syrah 2020,https://cav.cl/storage/sku_images/31030.jpg
659,Vistamar Cabernet Sauvignon Gran Reserva 2018,https://cav.cl/storage/sku_images/27364.jpg
660,Vistamar Ensamblaje Tinto Gran Reserva 2014,https://cav.cl/storage/sku_images/22587.jpg
661,Viu Manent Cabernet Sauvignon Gran Reserva 2020,https://cav.cl/storage/sku_images/28935.jpg
662,Viu Manent Cabernet Sauvignon Gran Reserva 2019,https://cav.cl/storage/sku_images/27019.jpg
663,Viu Manent Single Vineyard Cabernet Sauvignon La Capilla 2020,https://cav.cl/storage/sku_images/29499.jpg
664,Viu Manent Secreto Carmenere 2022,https://cav.cl/storage/sku_images/31214.jpg
665,Viu Manent Carmenere Gran Reserva 2021,https://cav.cl/storage/sku_images/30715.jpg
666,Viu Manent Chardonnay Gran Reserva 2021,https://cav.cl/storage/sku_images/30371.jpg
667,Viu Manent Tiny Trials Chardonnay 2020,https://cav.cl/storage/sku_images/29630.jpg
668,Viu Manent Vibo Ensamblaje Tinto Punta Del Viento 2020,https://cav.cl/storage/sku_images/28936.jpg
669,Viu Manent Vibo Ensamblaje Tinto Punta Del Viento 2019,https://cav.cl/storage/sku_images/28546.jpg
670,Viu Manent Malbec Gran Reserva 2022,https://cav.cl/storage/sku_images/31446.jpg
671,Viu Manent Secreto Malbec 2020,https://cav.cl/storage/sku_images/28344.jpg
672,Viu Manent Single Vineyard Malbec San Carlos 2018,https://cav.cl/storage/sku_images/26895.jpg
673,Viu Manent Single Vineyard Malbec San Carlos 2020,https://cav.cl/storage/sku_images/29183.jpg
674,Viu Manent Secreto Sauvignon Blanc 2021,https://cav.cl/storage/sku_images/29024.jpg
675,Viu Manent Secreto Syrah 2020,https://cav.cl/storage/sku_images/29240.jpg
676,Viu Manent Single Vineyard Syrah El Olivar 2019,https://cav.cl/storage/sku_images/28346.jpg
677,Viu Manent Single Vineyard Syrah El Olivar 2013,https://cav.cl/storage/sku_images/19307.jpg
678,Viu Manent Single Vineyard Syrah El Olivar 2018,https://cav.cl/storage/sku_images/26896.jpg
679,Von Siebenthal Gran Reserva Carmenere 2019,https://cav.cl/storage/sku_images/30726.jpg
680,Von Siebenthal Carabantes Syrah 2021,https://cav.cl/storage/sku_images/30725.jpg
681,Vultur Toromiro Carignan 2020,https://cav.cl/storage/sku_images/29081.jpg
682,Vultur Globo Carmenere 2021,https://cav.cl/storage/sku_images/31225.jpg
683,Vultur Globo Red Blend 2020,https://cav.cl/storage/sku_images/29668.jpg
684,William Fevre Espino Reserva Especial Cabernet Sauvignon 2020,https://cav.cl/storage/sku_images/30105.jpg
685,William Fevre Espino Gran Cuvee Cabernet Sauvignon 2020,https://cav.cl/storage/sku_images/30650.jpg
