,product_name,pairing
0,30506," Frijoles Negos,  Colby,  Muenster,  Comino, Cheddar,  Gouda,  Ossau-Iraty,  Lenteja,  Carne de Res,  Judía Pinta,  Cordero,  Venado,  Cilantro,  Frijoles Blancos,  Curcuma"
1,7 Colores Limited Edition Syrah 2020," Frijoles Negos,  Colby,  Muenster,  Comino, Cheddar,  Gouda,  Ossau-Iraty,  Lenteja,  Carne de Res,  Judía Pinta,  Cordero,  Venado,  Cilantro,  Frijoles Blancos,  Curcuma"
2,Aila Heaven Cabernet Sauvignon Gran Reserva 2021," Frijoles Negos,  Colby,  Muenster,  Comino, Cheddar,  Gouda,  Ossau-Iraty,  Lenteja,  Carne de Res,  Judía Pinta,  Cordero,  Venado,  Cilantro,  Frijoles Blancos,  Curcuma"
3,Amaral Brut 750cc," Provolone,  Edamental,  Almeja,  Ostra,  Ricotta,  Grada Padano,  Queso Fresco,  Camarones,  Langosta,  Gruyere,  Salami,  Cangrejo,  Crema Agria,  Burrata,  Epoisses,  Nabo,  Manchego,  Batata,  Comte,  Zapallo,  Queso Crema,  Havarti,  Vieira,  Calabaza,  Chevre,  Pecorino,  Zanahoria,  Delice de Bougorgne,  Mizithra,  Cotija,  Cottage,  Brie,  Camembert,  Asiago,  Tocineta,  Scamorza,  Halloumi,  Parmesano, Feta,  Jamon,  Charcuteria,  Mozzarela"
4,Arboleda Cabernet Sauvignon 2021," Frijoles Negos,  Colby,  Muenster,  Comino, Cheddar,  Gouda,  Ossau-Iraty,  Lenteja,  Carne de Res,  Judía Pinta,  Cordero,  Venado,  Cilantro,  Frijoles Blancos,  Curcuma"
5,Arboleda Carmenere 2021," Provolone,  Tomate,  Cerdo,  Edamental,  Cardamomo,  Grada Padano,  Cebollin,  Ossau-Iraty,  Venado,  Berenjena,  Chuleta,  Clavo,  Manchego,  Hongos,  Comte,  Gouda,  Gengibre,  Frijoles Blancos,  Pecorino,  Pimienta,  Fenogreco, Gruyere,  Frijoles Negos,  Muenster,  Perejil,  Eneldo,  Tomillo,  Asiago,  Ajo,  Judía Pinta,  Scamorza,  Chalota,  Cebolla,  Parmesano,  Oregano,  Tofu,  Seitan,  Colby,  Pimiento,  Canela,  Lenteja,  Carne de Res,  Cordero,  Cheddar,  Vainilla,  Anis,  Pollo,  Mozzarela,  Nuez Moscada"
6,Arboleda Chardonnay 2021," Provolone,  Cerdo,  Edamental,  Cebollin,  Camarones,  Langosta,  Gruyere,  Cangrejo,  Burrata,  Epoisses,  Chuleta,  Hongos,  Comte,  Delice de Bougorgne,  Camembert,  Ajo,  Scamorza,  Chalota,  Cebolla,  Tofu,  Seitan, Brie,  Pollo,  Mozzarela"
7,Arboleda Pinot Noir 2020," Provolone,  Cerdo,  Edamental,  Hongos,  Comte,  Ajo,  Chuleta,  Scamorza,  Seitan,  Cebolla,  Chalota,  Pollo,  Mozzarela,  Tofu, Gruyere"
8,Arboleda Sauvignon Blanc 2018," Provolone,  Edamental,  Palta,  Ricotta,  Grada Padano,  Queso Fresco,  Cebollin,  Camarones,  Langosta,  Pimiento Verde,  Gruyere,  Cilantro,  Cangrejo,  Mejorana,  Crema Agria,  Burrata,  Epoisses,  Nabo,  Bass,  Manchego,  Bacalao,  Menta,  Comte,  Zapallo,  Queso Crema,  Havarti,  Escarola,  Trucha,  Lechuga,  Calabaza,  Chevre,  Pecorino,  Zanahoria,  Perejil,  Delice de Bougorgne,  Eneldo,  Mizithra,  Cotija,  Cottage,  Brie,  Camembert,  Tomillo,  Asiago,  Ajo,  Halibut,  Basil,  Scamorza,  Chalota,  Cebolla,  Halloumi,  Parmesano,  Oregano, Feta,  Guisantes,  Salmon,  Col,  Shiso,  Aguacate,  Mozzarela"
9,Arboleda Sauvignon Blanc 2020," Provolone,  Edamental,  Palta,  Ricotta,  Grada Padano,  Queso Fresco,  Cebollin,  Camarones,  Langosta,  Pimiento Verde,  Gruyere,  Cilantro,  Cangrejo,  Mejorana,  Crema Agria,  Burrata,  Epoisses,  Nabo,  Bass,  Manchego,  Bacalao,  Menta,  Comte,  Zapallo,  Queso Crema,  Havarti,  Escarola,  Trucha,  Lechuga,  Calabaza,  Chevre,  Pecorino,  Zanahoria,  Perejil,  Delice de Bougorgne,  Eneldo,  Mizithra,  Cotija,  Cottage,  Brie,  Camembert,  Tomillo,  Asiago,  Ajo,  Halibut,  Basil,  Scamorza,  Chalota,  Cebolla,  Halloumi,  Parmesano,  Oregano, Feta,  Guisantes,  Salmon,  Col,  Shiso,  Aguacate,  Mozzarela"
10,Arboleda Sauvignon Blanc 2022," Provolone,  Edamental,  Palta,  Ricotta,  Grada Padano,  Queso Fresco,  Cebollin,  Camarones,  Langosta,  Pimiento Verde,  Gruyere,  Cilantro,  Cangrejo,  Mejorana,  Crema Agria,  Burrata,  Epoisses,  Nabo,  Bass,  Manchego,  Bacalao,  Menta,  Comte,  Zapallo,  Queso Crema,  Havarti,  Escarola,  Trucha,  Lechuga,  Calabaza,  Chevre,  Pecorino,  Zanahoria,  Perejil,  Delice de Bougorgne,  Eneldo,  Mizithra,  Cotija,  Cottage,  Brie,  Camembert,  Tomillo,  Asiago,  Ajo,  Halibut,  Basil,  Scamorza,  Chalota,  Cebolla,  Halloumi,  Parmesano,  Oregano, Feta,  Guisantes,  Salmon,  Col,  Shiso,  Aguacate,  Mozzarela"
11,Arboleda Syrah 2021," Frijoles Negos,  Colby,  Muenster,  Comino, Cheddar,  Gouda,  Ossau-Iraty,  Lenteja,  Carne de Res,  Judía Pinta,  Cordero,  Venado,  Cilantro,  Frijoles Blancos,  Curcuma"
12,Aresti Mandala Rose Espumante 750cc," Provolone,  Cerdo,  Edamental,  Hongos,  Comte,  Ajo,  Chuleta,  Scamorza,  Seitan,  Cebolla,  Chalota,  Pollo,  Mozzarela,  Tofu, Gruyere"
13,Aresti Trisquel Cabernet Sauvignon Gran Reserva 2020," Frijoles Negos,  Colby,  Muenster,  Comino, Cheddar,  Gouda,  Ossau-Iraty,  Lenteja,  Carne de Res,  Judía Pinta,  Cordero,  Venado,  Cilantro,  Frijoles Blancos,  Curcuma"
14,Aresti Trisquel Carmenere Gran Reserva 2020," Provolone,  Tomate,  Cerdo,  Edamental,  Cardamomo,  Grada Padano,  Cebollin,  Ossau-Iraty,  Venado,  Berenjena,  Chuleta,  Clavo,  Manchego,  Hongos,  Comte,  Gouda,  Gengibre,  Frijoles Blancos,  Pecorino,  Pimienta,  Fenogreco, Gruyere,  Frijoles Negos,  Muenster,  Perejil,  Eneldo,  Tomillo,  Asiago,  Ajo,  Judía Pinta,  Scamorza,  Chalota,  Cebolla,  Parmesano,  Oregano,  Tofu,  Seitan,  Colby,  Pimiento,  Canela,  Lenteja,  Carne de Res,  Cordero,  Cheddar,  Vainilla,  Anis,  Pollo,  Mozzarela,  Nuez Moscada"
15,Aresti Trisquel Gewurztraminer Gran Reserva 2022," Provolone,  Comino,  Cerdo,  Edamental,  Cardamomo,  Palta,  Cayena,  Camarones,  Langosta,  Pimiento Verde,  Gruyere,  Salami,  Cilantro,  Cangrejo,  Burrata,  Epoisses,  Chuleta,  Nabo,  Clavo,  Gorgonzola,  Menta,  Vinagreta,  Comte,  Zapallo,  Escarola,  Queso Azul,  Gengibre,  Lechuga,  Calabaza,  Pimienta,  Zanahoria,  Fenogreco,  Curcuma, Stilton,  Perejil,  Delice de Bougorgne,  Camembert,  Brie,  Teriyaki,  Roquefort,  Albahaca,  Tocineta,  Scamorza,  Tofu,  Jamon,  Seitan,  Guisantes,  Pimenton,  Barbecue,  Canela,  Chipotle,  Marinado,  Col,  Shiso,  Charcuteria,  Anis,  Vainilla,  Aguacate,  Pollo,  Mozzarela,  Nuez Moscada"
16,Baron Philippe De Rothschild Escudo Rojo Origine Cabernet Sauvignon 2019," Frijoles Negos,  Colby,  Muenster,  Comino, Cheddar,  Gouda,  Ossau-Iraty,  Lenteja,  Carne de Res,  Judía Pinta,  Cordero,  Venado,  Cilantro,  Frijoles Blancos,  Curcuma"
17,Baron Phillippe De Rothschild Mapu Chardonnay 2022," Provolone,  Cerdo,  Edamental,  Cebollin,  Camarones,  Langosta,  Gruyere,  Cangrejo,  Burrata,  Epoisses,  Chuleta,  Hongos,  Comte,  Delice de Bougorgne,  Camembert,  Ajo,  Scamorza,  Chalota,  Cebolla,  Tofu,  Seitan, Brie,  Pollo,  Mozzarela"
18,Bisquertt La Joya C. Sauvignon Gran Reserva 2020," Frijoles Negos,  Colby,  Muenster,  Comino, Cheddar,  Gouda,  Ossau-Iraty,  Lenteja,  Carne de Res,  Judía Pinta,  Cordero,  Venado,  Cilantro,  Frijoles Blancos,  Curcuma"
19,Bisquertt La Joya Sauvignon Blanc Gran Reserva 2021," Provolone,  Edamental,  Palta,  Ricotta,  Grada Padano,  Queso Fresco,  Cebollin,  Camarones,  Langosta,  Pimiento Verde,  Gruyere,  Cilantro,  Cangrejo,  Mejorana,  Crema Agria,  Burrata,  Epoisses,  Nabo,  Bass,  Manchego,  Bacalao,  Menta,  Comte,  Zapallo,  Queso Crema,  Havarti,  Escarola,  Trucha,  Lechuga,  Calabaza,  Chevre,  Pecorino,  Zanahoria,  Perejil,  Delice de Bougorgne,  Eneldo,  Mizithra,  Cotija,  Cottage,  Brie,  Camembert,  Tomillo,  Asiago,  Ajo,  Halibut,  Basil,  Scamorza,  Chalota,  Cebolla,  Halloumi,  Parmesano,  Oregano, Feta,  Guisantes,  Salmon,  Col,  Shiso,  Aguacate,  Mozzarela"
20,Bisquertt Petirrojo Sauvignon Blanc 2022," Provolone,  Edamental,  Palta,  Ricotta,  Grada Padano,  Queso Fresco,  Cebollin,  Camarones,  Langosta,  Pimiento Verde,  Gruyere,  Cilantro,  Cangrejo,  Mejorana,  Crema Agria,  Burrata,  Epoisses,  Nabo,  Bass,  Manchego,  Bacalao,  Menta,  Comte,  Zapallo,  Queso Crema,  Havarti,  Escarola,  Trucha,  Lechuga,  Calabaza,  Chevre,  Pecorino,  Zanahoria,  Perejil,  Delice de Bougorgne,  Eneldo,  Mizithra,  Cotija,  Cottage,  Brie,  Camembert,  Tomillo,  Asiago,  Ajo,  Halibut,  Basil,  Scamorza,  Chalota,  Cebolla,  Halloumi,  Parmesano,  Oregano, Feta,  Guisantes,  Salmon,  Col,  Shiso,  Aguacate,  Mozzarela"
21,Caiti Lux Series Sauvignon Blanc 2020," Provolone,  Edamental,  Palta,  Ricotta,  Grada Padano,  Queso Fresco,  Cebollin,  Camarones,  Langosta,  Pimiento Verde,  Gruyere,  Cilantro,  Cangrejo,  Mejorana,  Crema Agria,  Burrata,  Epoisses,  Nabo,  Bass,  Manchego,  Bacalao,  Menta,  Comte,  Zapallo,  Queso Crema,  Havarti,  Escarola,  Trucha,  Lechuga,  Calabaza,  Chevre,  Pecorino,  Zanahoria,  Perejil,  Delice de Bougorgne,  Eneldo,  Mizithra,  Cotija,  Cottage,  Brie,  Camembert,  Tomillo,  Asiago,  Ajo,  Halibut,  Basil,  Scamorza,  Chalota,  Cebolla,  Halloumi,  Parmesano,  Oregano, Feta,  Guisantes,  Salmon,  Col,  Shiso,  Aguacate,  Mozzarela"
22,Calcu Futa Cabernet Sauvignon 2015," Frijoles Negos,  Colby,  Muenster,  Comino, Cheddar,  Gouda,  Ossau-Iraty,  Lenteja,  Carne de Res,  Judía Pinta,  Cordero,  Venado,  Cilantro,  Frijoles Blancos,  Curcuma"
23,Caliterra Cabernet Sauvignon Reserva 2020," Frijoles Negos,  Colby,  Muenster,  Comino, Cheddar,  Gouda,  Ossau-Iraty,  Lenteja,  Carne de Res,  Judía Pinta,  Cordero,  Venado,  Cilantro,  Frijoles Blancos,  Curcuma"
24,Caliterra Cabernet Sauvignon Reserva 2021," Frijoles Negos,  Colby,  Muenster,  Comino, Cheddar,  Gouda,  Ossau-Iraty,  Lenteja,  Carne de Res,  Judía Pinta,  Cordero,  Venado,  Cilantro,  Frijoles Blancos,  Curcuma"
25,Caliterra Merlot Reserva 2022," Provolone,  Tomate,  Cerdo,  Edamental,  Cardamomo,  Grada Padano,  Cebollin,  Ossau-Iraty,  Venado,  Berenjena,  Chuleta,  Clavo,  Manchego,  Hongos,  Comte,  Gouda,  Gengibre,  Frijoles Blancos,  Pecorino,  Pimienta,  Fenogreco, Gruyere,  Frijoles Negos,  Muenster,  Perejil,  Eneldo,  Tomillo,  Asiago,  Ajo,  Judía Pinta,  Scamorza,  Chalota,  Cebolla,  Parmesano,  Oregano,  Tofu,  Seitan,  Colby,  Pimiento,  Canela,  Lenteja,  Carne de Res,  Cordero,  Cheddar,  Vainilla,  Anis,  Pollo,  Mozzarela,  Nuez Moscada"
26,Caliterra Sauvignon Blanc Reserva 2020," Provolone,  Edamental,  Palta,  Ricotta,  Grada Padano,  Queso Fresco,  Cebollin,  Camarones,  Langosta,  Pimiento Verde,  Gruyere,  Cilantro,  Cangrejo,  Mejorana,  Crema Agria,  Burrata,  Epoisses,  Nabo,  Bass,  Manchego,  Bacalao,  Menta,  Comte,  Zapallo,  Queso Crema,  Havarti,  Escarola,  Trucha,  Lechuga,  Calabaza,  Chevre,  Pecorino,  Zanahoria,  Perejil,  Delice de Bougorgne,  Eneldo,  Mizithra,  Cotija,  Cottage,  Brie,  Camembert,  Tomillo,  Asiago,  Ajo,  Halibut,  Basil,  Scamorza,  Chalota,  Cebolla,  Halloumi,  Parmesano,  Oregano, Feta,  Guisantes,  Salmon,  Col,  Shiso,  Aguacate,  Mozzarela"
27,Caliterra Sauvignon Blanc Reserva 2022," Provolone,  Edamental,  Palta,  Ricotta,  Grada Padano,  Queso Fresco,  Cebollin,  Camarones,  Langosta,  Pimiento Verde,  Gruyere,  Cilantro,  Cangrejo,  Mejorana,  Crema Agria,  Burrata,  Epoisses,  Nabo,  Bass,  Manchego,  Bacalao,  Menta,  Comte,  Zapallo,  Queso Crema,  Havarti,  Escarola,  Trucha,  Lechuga,  Calabaza,  Chevre,  Pecorino,  Zanahoria,  Perejil,  Delice de Bougorgne,  Eneldo,  Mizithra,  Cotija,  Cottage,  Brie,  Camembert,  Tomillo,  Asiago,  Ajo,  Halibut,  Basil,  Scamorza,  Chalota,  Cebolla,  Halloumi,  Parmesano,  Oregano, Feta,  Guisantes,  Salmon,  Col,  Shiso,  Aguacate,  Mozzarela"
28,Caliterra Tributo Single Vineyard C. Sauvignon 2018," Frijoles Negos,  Colby,  Muenster,  Comino, Cheddar,  Gouda,  Ossau-Iraty,  Lenteja,  Carne de Res,  Judía Pinta,  Cordero,  Venado,  Cilantro,  Frijoles Blancos,  Curcuma"
29,Caliterra Tributo Single Vineyard Cabernet Sauvignon 2019," Frijoles Negos,  Colby,  Muenster,  Comino, Cheddar,  Gouda,  Ossau-Iraty,  Lenteja,  Carne de Res,  Judía Pinta,  Cordero,  Venado,  Cilantro,  Frijoles Blancos,  Curcuma"
30,Caliterra Tributo Single Vineyard Chardonnay 2021," Provolone,  Cerdo,  Edamental,  Cebollin,  Camarones,  Langosta,  Gruyere,  Cangrejo,  Burrata,  Epoisses,  Chuleta,  Hongos,  Comte,  Delice de Bougorgne,  Camembert,  Ajo,  Scamorza,  Chalota,  Cebolla,  Tofu,  Seitan, Brie,  Pollo,  Mozzarela"
31,Caliterra Tributo Single Vineyard Sauvignon Blanc 2020," Provolone,  Edamental,  Palta,  Ricotta,  Grada Padano,  Queso Fresco,  Cebollin,  Camarones,  Langosta,  Pimiento Verde,  Gruyere,  Cilantro,  Cangrejo,  Mejorana,  Crema Agria,  Burrata,  Epoisses,  Nabo,  Bass,  Manchego,  Bacalao,  Menta,  Comte,  Zapallo,  Queso Crema,  Havarti,  Escarola,  Trucha,  Lechuga,  Calabaza,  Chevre,  Pecorino,  Zanahoria,  Perejil,  Delice de Bougorgne,  Eneldo,  Mizithra,  Cotija,  Cottage,  Brie,  Camembert,  Tomillo,  Asiago,  Ajo,  Halibut,  Basil,  Scamorza,  Chalota,  Cebolla,  Halloumi,  Parmesano,  Oregano, Feta,  Guisantes,  Salmon,  Col,  Shiso,  Aguacate,  Mozzarela"
32,Caliterra Tributo Single Vineyard Sauvignon Blanc 2022," Provolone,  Edamental,  Palta,  Ricotta,  Grada Padano,  Queso Fresco,  Cebollin,  Camarones,  Langosta,  Pimiento Verde,  Gruyere,  Cilantro,  Cangrejo,  Mejorana,  Crema Agria,  Burrata,  Epoisses,  Nabo,  Bass,  Manchego,  Bacalao,  Menta,  Comte,  Zapallo,  Queso Crema,  Havarti,  Escarola,  Trucha,  Lechuga,  Calabaza,  Chevre,  Pecorino,  Zanahoria,  Perejil,  Delice de Bougorgne,  Eneldo,  Mizithra,  Cotija,  Cottage,  Brie,  Camembert,  Tomillo,  Asiago,  Ajo,  Halibut,  Basil,  Scamorza,  Chalota,  Cebolla,  Halloumi,  Parmesano,  Oregano, Feta,  Guisantes,  Salmon,  Col,  Shiso,  Aguacate,  Mozzarela"
33,Caliterra Tributo Single Vineyard Syrah 2020," Frijoles Negos,  Colby,  Muenster,  Comino, Cheddar,  Gouda,  Ossau-Iraty,  Lenteja,  Carne de Res,  Judía Pinta,  Cordero,  Venado,  Cilantro,  Frijoles Blancos,  Curcuma"
34,Caliterra Tributo Single Vineyard Syrah 2021," Frijoles Negos,  Colby,  Muenster,  Comino, Cheddar,  Gouda,  Ossau-Iraty,  Lenteja,  Carne de Res,  Judía Pinta,  Cordero,  Venado,  Cilantro,  Frijoles Blancos,  Curcuma"
35,Calyptra Gran Cabernet Sauvignon 2019," Frijoles Negos,  Colby,  Muenster,  Comino, Cheddar,  Gouda,  Ossau-Iraty,  Lenteja,  Carne de Res,  Judía Pinta,  Cordero,  Venado,  Cilantro,  Frijoles Blancos,  Curcuma"
36,Carmen Frida Kahlo Gran Cuvee Brut 750cc," Provolone,  Cerdo,  Edamental,  Cebollin,  Camarones,  Langosta,  Gruyere,  Cangrejo,  Burrata,  Epoisses,  Chuleta,  Hongos,  Comte,  Delice de Bougorgne,  Camembert,  Ajo,  Scamorza,  Chalota,  Cebolla,  Tofu,  Seitan, Brie,  Pollo,  Mozzarela"
37,Carmen Gran Cuvee Brut 750cc," Provolone,  Cerdo,  Edamental,  Cebollin,  Camarones,  Langosta,  Gruyere,  Cangrejo,  Burrata,  Epoisses,  Chuleta,  Hongos,  Comte,  Delice de Bougorgne,  Camembert,  Ajo,  Scamorza,  Chalota,  Cebolla,  Tofu,  Seitan, Brie,  Pollo,  Mozzarela"
38,Carolina Sauvignon Blanc Gran Reserva 2021," Provolone,  Edamental,  Palta,  Ricotta,  Grada Padano,  Queso Fresco,  Cebollin,  Camarones,  Langosta,  Pimiento Verde,  Gruyere,  Cilantro,  Cangrejo,  Mejorana,  Crema Agria,  Burrata,  Epoisses,  Nabo,  Bass,  Manchego,  Bacalao,  Menta,  Comte,  Zapallo,  Queso Crema,  Havarti,  Escarola,  Trucha,  Lechuga,  Calabaza,  Chevre,  Pecorino,  Zanahoria,  Perejil,  Delice de Bougorgne,  Eneldo,  Mizithra,  Cotija,  Cottage,  Brie,  Camembert,  Tomillo,  Asiago,  Ajo,  Halibut,  Basil,  Scamorza,  Chalota,  Cebolla,  Halloumi,  Parmesano,  Oregano, Feta,  Guisantes,  Salmon,  Col,  Shiso,  Aguacate,  Mozzarela"
39,Casa Donoso Bicentenario Chardonnay 2022," Provolone,  Cerdo,  Edamental,  Cebollin,  Camarones,  Langosta,  Gruyere,  Cangrejo,  Burrata,  Epoisses,  Chuleta,  Hongos,  Comte,  Delice de Bougorgne,  Camembert,  Ajo,  Scamorza,  Chalota,  Cebolla,  Tofu,  Seitan, Brie,  Pollo,  Mozzarela"
40,Casa Donoso Bicentenario Malbec 2022," Frijoles Negos,  Colby,  Muenster,  Comino, Cheddar,  Gouda,  Ossau-Iraty,  Lenteja,  Carne de Res,  Judía Pinta,  Cordero,  Venado,  Cilantro,  Frijoles Blancos,  Curcuma"
41,Casa Donoso Evolucion Cabernet Sauvignon Reserva 2021," Frijoles Negos,  Colby,  Muenster,  Comino, Cheddar,  Gouda,  Ossau-Iraty,  Lenteja,  Carne de Res,  Judía Pinta,  Cordero,  Venado,  Cilantro,  Frijoles Blancos,  Curcuma"
42,Casa Donoso Evolucion Carmenere Reserva 2021," Provolone,  Tomate,  Cerdo,  Edamental,  Cardamomo,  Grada Padano,  Cebollin,  Ossau-Iraty,  Venado,  Berenjena,  Chuleta,  Clavo,  Manchego,  Hongos,  Comte,  Gouda,  Gengibre,  Frijoles Blancos,  Pecorino,  Pimienta,  Fenogreco, Gruyere,  Frijoles Negos,  Muenster,  Perejil,  Eneldo,  Tomillo,  Asiago,  Ajo,  Judía Pinta,  Scamorza,  Chalota,  Cebolla,  Parmesano,  Oregano,  Tofu,  Seitan,  Colby,  Pimiento,  Canela,  Lenteja,  Carne de Res,  Cordero,  Cheddar,  Vainilla,  Anis,  Pollo,  Mozzarela,  Nuez Moscada"
43,Casa Marin Cartagena Pinot Noir 2022," Provolone,  Cerdo,  Edamental,  Hongos,  Comte,  Ajo,  Chuleta,  Scamorza,  Seitan,  Cebolla,  Chalota,  Pollo,  Mozzarela,  Tofu, Gruyere"
44,Casa Marin Cartagena Sauvignon Blanc 2022," Provolone,  Edamental,  Palta,  Ricotta,  Grada Padano,  Queso Fresco,  Cebollin,  Camarones,  Langosta,  Pimiento Verde,  Gruyere,  Cilantro,  Cangrejo,  Mejorana,  Crema Agria,  Burrata,  Epoisses,  Nabo,  Bass,  Manchego,  Bacalao,  Menta,  Comte,  Zapallo,  Queso Crema,  Havarti,  Escarola,  Trucha,  Lechuga,  Calabaza,  Chevre,  Pecorino,  Zanahoria,  Perejil,  Delice de Bougorgne,  Eneldo,  Mizithra,  Cotija,  Cottage,  Brie,  Camembert,  Tomillo,  Asiago,  Ajo,  Halibut,  Basil,  Scamorza,  Chalota,  Cebolla,  Halloumi,  Parmesano,  Oregano, Feta,  Guisantes,  Salmon,  Col,  Shiso,  Aguacate,  Mozzarela"
45,Casa Marin Lo Abarca Hills Pinot Noir 2012," Provolone,  Cerdo,  Edamental,  Hongos,  Comte,  Ajo,  Chuleta,  Scamorza,  Seitan,  Cebolla,  Chalota,  Pollo,  Mozzarela,  Tofu, Gruyere"
46,Casa Silva Gran Terroir De La Costa Syrah 2018," Frijoles Negos,  Colby,  Muenster,  Comino, Cheddar,  Gouda,  Ossau-Iraty,  Lenteja,  Carne de Res,  Judía Pinta,  Cordero,  Venado,  Cilantro,  Frijoles Blancos,  Curcuma"
47,Casa Silva Lago Ranco Sauvignon Blanc 2015," Provolone,  Edamental,  Palta,  Ricotta,  Grada Padano,  Queso Fresco,  Cebollin,  Camarones,  Langosta,  Pimiento Verde,  Gruyere,  Cilantro,  Cangrejo,  Mejorana,  Crema Agria,  Burrata,  Epoisses,  Nabo,  Bass,  Manchego,  Bacalao,  Menta,  Comte,  Zapallo,  Queso Crema,  Havarti,  Escarola,  Trucha,  Lechuga,  Calabaza,  Chevre,  Pecorino,  Zanahoria,  Perejil,  Delice de Bougorgne,  Eneldo,  Mizithra,  Cotija,  Cottage,  Brie,  Camembert,  Tomillo,  Asiago,  Ajo,  Halibut,  Basil,  Scamorza,  Chalota,  Cebolla,  Halloumi,  Parmesano,  Oregano, Feta,  Guisantes,  Salmon,  Col,  Shiso,  Aguacate,  Mozzarela"
48,Chateau Los Boldos Grande Reserve Cabernet Sauvignon 2019," Frijoles Negos,  Colby,  Muenster,  Comino, Cheddar,  Gouda,  Ossau-Iraty,  Lenteja,  Carne de Res,  Judía Pinta,  Cordero,  Venado,  Cilantro,  Frijoles Blancos,  Curcuma"
49,Chateau Los Boldos Tradition Reserve Cabernet Sauvignon 2020," Frijoles Negos,  Colby,  Muenster,  Comino, Cheddar,  Gouda,  Ossau-Iraty,  Lenteja,  Carne de Res,  Judía Pinta,  Cordero,  Venado,  Cilantro,  Frijoles Blancos,  Curcuma"
50,Chateau Los Boldos Tradition Reserve Chardonnay 2022," Provolone,  Cerdo,  Edamental,  Cebollin,  Camarones,  Langosta,  Gruyere,  Cangrejo,  Burrata,  Epoisses,  Chuleta,  Hongos,  Comte,  Delice de Bougorgne,  Camembert,  Ajo,  Scamorza,  Chalota,  Cebolla,  Tofu,  Seitan, Brie,  Pollo,  Mozzarela"
51,Chateau Los Boldos Tradition Reserve Merlot 2021," Provolone,  Tomate,  Cerdo,  Edamental,  Cardamomo,  Grada Padano,  Cebollin,  Ossau-Iraty,  Venado,  Berenjena,  Chuleta,  Clavo,  Manchego,  Hongos,  Comte,  Gouda,  Gengibre,  Frijoles Blancos,  Pecorino,  Pimienta,  Fenogreco, Gruyere,  Frijoles Negos,  Muenster,  Perejil,  Eneldo,  Tomillo,  Asiago,  Ajo,  Judía Pinta,  Scamorza,  Chalota,  Cebolla,  Parmesano,  Oregano,  Tofu,  Seitan,  Colby,  Pimiento,  Canela,  Lenteja,  Carne de Res,  Cordero,  Cheddar,  Vainilla,  Anis,  Pollo,  Mozzarela,  Nuez Moscada"
52,Chateau Los Boldos Vieilles Vignes Cabernet Sauvignon 2018," Frijoles Negos,  Colby,  Muenster,  Comino, Cheddar,  Gouda,  Ossau-Iraty,  Lenteja,  Carne de Res,  Judía Pinta,  Cordero,  Venado,  Cilantro,  Frijoles Blancos,  Curcuma"
53,Clos De Luz Azuda Syrah 2018," Frijoles Negos,  Colby,  Muenster,  Comino, Cheddar,  Gouda,  Ossau-Iraty,  Lenteja,  Carne de Res,  Judía Pinta,  Cordero,  Venado,  Cilantro,  Frijoles Blancos,  Curcuma"
54,Clos De Luz Massal 1945 Cabernet Sauvignon 2020," Frijoles Negos,  Colby,  Muenster,  Comino, Cheddar,  Gouda,  Ossau-Iraty,  Lenteja,  Carne de Res,  Judía Pinta,  Cordero,  Venado,  Cilantro,  Frijoles Blancos,  Curcuma"
55,Clos De Luz Massal 1945 Carmenere 2020," Provolone,  Tomate,  Cerdo,  Edamental,  Cardamomo,  Grada Padano,  Cebollin,  Ossau-Iraty,  Venado,  Berenjena,  Chuleta,  Clavo,  Manchego,  Hongos,  Comte,  Gouda,  Gengibre,  Frijoles Blancos,  Pecorino,  Pimienta,  Fenogreco, Gruyere,  Frijoles Negos,  Muenster,  Perejil,  Eneldo,  Tomillo,  Asiago,  Ajo,  Judía Pinta,  Scamorza,  Chalota,  Cebolla,  Parmesano,  Oregano,  Tofu,  Seitan,  Colby,  Pimiento,  Canela,  Lenteja,  Carne de Res,  Cordero,  Cheddar,  Vainilla,  Anis,  Pollo,  Mozzarela,  Nuez Moscada"
56,Cono Sur Ocio Pinot Noir 2016," Provolone,  Cerdo,  Edamental,  Hongos,  Comte,  Ajo,  Chuleta,  Scamorza,  Seitan,  Cebolla,  Chalota,  Pollo,  Mozzarela,  Tofu, Gruyere"
57,Descomplicados Etiqueta Negra Syrah 2019," Frijoles Negos,  Colby,  Muenster,  Comino, Cheddar,  Gouda,  Ossau-Iraty,  Lenteja,  Carne de Res,  Judía Pinta,  Cordero,  Venado,  Cilantro,  Frijoles Blancos,  Curcuma"
58,Dominga Espumante Brut 750cc," Provolone,  Cerdo,  Edamental,  Cebollin,  Camarones,  Langosta,  Gruyere,  Cangrejo,  Burrata,  Epoisses,  Chuleta,  Hongos,  Comte,  Delice de Bougorgne,  Camembert,  Ajo,  Scamorza,  Chalota,  Cebolla,  Tofu,  Seitan, Brie,  Pollo,  Mozzarela"
59,Errazuriz Aconcagua Alto Cabernet Sauvignon 2020," Frijoles Negos,  Colby,  Muenster,  Comino, Cheddar,  Gouda,  Ossau-Iraty,  Lenteja,  Carne de Res,  Judía Pinta,  Cordero,  Venado,  Cilantro,  Frijoles Blancos,  Curcuma"
60,Errazuriz Aconcagua Costa Chardonnay 2021," Provolone,  Cerdo,  Edamental,  Hongos,  Comte,  Ajo,  Chuleta,  Scamorza,  Seitan,  Cebolla,  Chalota,  Pollo,  Mozzarela,  Tofu, Gruyere"
61,Errazuriz Aconcagua Costa Pinot Noir 2019," Provolone,  Cerdo,  Edamental,  Hongos,  Comte,  Ajo,  Chuleta,  Scamorza,  Seitan,  Cebolla,  Chalota,  Pollo,  Mozzarela,  Tofu, Gruyere"
62,Errazuriz Aconcagua Costa Pinot Noir 2020," Provolone,  Cerdo,  Edamental,  Cebollin,  Camarones,  Langosta,  Gruyere,  Cangrejo,  Burrata,  Epoisses,  Chuleta,  Hongos,  Comte,  Delice de Bougorgne,  Camembert,  Ajo,  Scamorza,  Chalota,  Cebolla,  Tofu,  Seitan, Brie,  Pollo,  Mozzarela"
63,Errazuriz Aconcagua Costa Sauvignon Blanc 2018," Provolone,  Edamental,  Palta,  Ricotta,  Grada Padano,  Queso Fresco,  Cebollin,  Camarones,  Langosta,  Pimiento Verde,  Gruyere,  Cilantro,  Cangrejo,  Mejorana,  Crema Agria,  Burrata,  Epoisses,  Nabo,  Bass,  Manchego,  Bacalao,  Menta,  Comte,  Zapallo,  Queso Crema,  Havarti,  Escarola,  Trucha,  Lechuga,  Calabaza,  Chevre,  Pecorino,  Zanahoria,  Perejil,  Delice de Bougorgne,  Eneldo,  Mizithra,  Cotija,  Cottage,  Brie,  Camembert,  Tomillo,  Asiago,  Ajo,  Halibut,  Basil,  Scamorza,  Chalota,  Cebolla,  Halloumi,  Parmesano,  Oregano, Feta,  Guisantes,  Salmon,  Col,  Shiso,  Aguacate,  Mozzarela"
64,Errazuriz Aconcagua Costa Sauvignon Blanc 2020," Provolone,  Edamental,  Palta,  Ricotta,  Grada Padano,  Queso Fresco,  Cebollin,  Camarones,  Langosta,  Pimiento Verde,  Gruyere,  Cilantro,  Cangrejo,  Mejorana,  Crema Agria,  Burrata,  Epoisses,  Nabo,  Bass,  Manchego,  Bacalao,  Menta,  Comte,  Zapallo,  Queso Crema,  Havarti,  Escarola,  Trucha,  Lechuga,  Calabaza,  Chevre,  Pecorino,  Zanahoria,  Perejil,  Delice de Bougorgne,  Eneldo,  Mizithra,  Cotija,  Cottage,  Brie,  Camembert,  Tomillo,  Asiago,  Ajo,  Halibut,  Basil,  Scamorza,  Chalota,  Cebolla,  Halloumi,  Parmesano,  Oregano, Feta,  Guisantes,  Salmon,  Col,  Shiso,  Aguacate,  Mozzarela"
65,Errazuriz Aconcagua Cuvee Cabernet Sauvignon Gran Reserva 2020," Frijoles Negos,  Colby,  Muenster,  Comino, Cheddar,  Gouda,  Ossau-Iraty,  Lenteja,  Carne de Res,  Judía Pinta,  Cordero,  Venado,  Cilantro,  Frijoles Blancos,  Curcuma"
66,Errazuriz Aconcagua Cuvee Chardonnay Gran Reserva 2021," Provolone,  Cerdo,  Edamental,  Cebollin,  Camarones,  Langosta,  Gruyere,  Cangrejo,  Burrata,  Epoisses,  Chuleta,  Hongos,  Comte,  Delice de Bougorgne,  Camembert,  Ajo,  Scamorza,  Chalota,  Cebolla,  Tofu,  Seitan, Brie,  Pollo,  Mozzarela"
67,Errazuriz Aconcagua Cuvee Sauvignon Blanc Gran Reserva 2023," Provolone,  Edamental,  Palta,  Ricotta,  Grada Padano,  Queso Fresco,  Cebollin,  Camarones,  Langosta,  Pimiento Verde,  Gruyere,  Cilantro,  Cangrejo,  Mejorana,  Crema Agria,  Burrata,  Epoisses,  Nabo,  Bass,  Manchego,  Bacalao,  Menta,  Comte,  Zapallo,  Queso Crema,  Havarti,  Escarola,  Trucha,  Lechuga,  Calabaza,  Chevre,  Pecorino,  Zanahoria,  Perejil,  Delice de Bougorgne,  Eneldo,  Mizithra,  Cotija,  Cottage,  Brie,  Camembert,  Tomillo,  Asiago,  Ajo,  Halibut,  Basil,  Scamorza,  Chalota,  Cebolla,  Halloumi,  Parmesano,  Oregano, Feta,  Guisantes,  Salmon,  Col,  Shiso,  Aguacate,  Mozzarela"
68,Errazuriz Aconcagua Cuvee Syrah Gran Reserva 2019," Frijoles Negos,  Colby,  Muenster,  Comino, Cheddar,  Gouda,  Ossau-Iraty,  Lenteja,  Carne de Res,  Judía Pinta,  Cordero,  Venado,  Cilantro,  Frijoles Blancos,  Curcuma"
69,Errazuriz Estate Reserva Cabernet Sauvignon 2018," Frijoles Negos,  Colby,  Muenster,  Comino, Cheddar,  Gouda,  Ossau-Iraty,  Lenteja,  Carne de Res,  Judía Pinta,  Cordero,  Venado,  Cilantro,  Frijoles Blancos,  Curcuma"
70,Errazuriz La Cumbre Syrah 2016," Frijoles Negos,  Colby,  Muenster,  Comino, Cheddar,  Gouda,  Ossau-Iraty,  Lenteja,  Carne de Res,  Judía Pinta,  Cordero,  Venado,  Cilantro,  Frijoles Blancos,  Curcuma"
71,Errazuriz La Cumbre Syrah 2018," Frijoles Negos,  Colby,  Muenster,  Comino, Cheddar,  Gouda,  Ossau-Iraty,  Lenteja,  Carne de Res,  Judía Pinta,  Cordero,  Venado,  Cilantro,  Frijoles Blancos,  Curcuma"
72,Errazuriz Max 150 Años Malbec 2019," Frijoles Negos,  Colby,  Muenster,  Comino, Cheddar,  Gouda,  Ossau-Iraty,  Lenteja,  Carne de Res,  Judía Pinta,  Cordero,  Venado,  Cilantro,  Frijoles Blancos,  Curcuma"
73,Errazuriz Max 150 Años Sauvignon Blanc 2019," Provolone,  Edamental,  Palta,  Ricotta,  Grada Padano,  Queso Fresco,  Cebollin,  Camarones,  Langosta,  Pimiento Verde,  Gruyere,  Cilantro,  Cangrejo,  Mejorana,  Crema Agria,  Burrata,  Epoisses,  Nabo,  Bass,  Manchego,  Bacalao,  Menta,  Comte,  Zapallo,  Queso Crema,  Havarti,  Escarola,  Trucha,  Lechuga,  Calabaza,  Chevre,  Pecorino,  Zanahoria,  Perejil,  Delice de Bougorgne,  Eneldo,  Mizithra,  Cotija,  Cottage,  Brie,  Camembert,  Tomillo,  Asiago,  Ajo,  Halibut,  Basil,  Scamorza,  Chalota,  Cebolla,  Halloumi,  Parmesano,  Oregano, Feta,  Guisantes,  Salmon,  Col,  Shiso,  Aguacate,  Mozzarela"
74,Errazuriz Max 150 Años Sauvignon Blanc 2021," Provolone,  Edamental,  Palta,  Ricotta,  Grada Padano,  Queso Fresco,  Cebollin,  Camarones,  Langosta,  Pimiento Verde,  Gruyere,  Cilantro,  Cangrejo,  Mejorana,  Crema Agria,  Burrata,  Epoisses,  Nabo,  Bass,  Manchego,  Bacalao,  Menta,  Comte,  Zapallo,  Queso Crema,  Havarti,  Escarola,  Trucha,  Lechuga,  Calabaza,  Chevre,  Pecorino,  Zanahoria,  Perejil,  Delice de Bougorgne,  Eneldo,  Mizithra,  Cotija,  Cottage,  Brie,  Camembert,  Tomillo,  Asiago,  Ajo,  Halibut,  Basil,  Scamorza,  Chalota,  Cebolla,  Halloumi,  Parmesano,  Oregano, Feta,  Guisantes,  Salmon,  Col,  Shiso,  Aguacate,  Mozzarela"
75,Errazuriz Max 150 Años Shiraz 2020," Frijoles Negos,  Colby,  Muenster,  Comino, Cheddar,  Gouda,  Ossau-Iraty,  Lenteja,  Carne de Res,  Judía Pinta,  Cordero,  Venado,  Cilantro,  Frijoles Blancos,  Curcuma"
76,Errazuriz Max Reserva Sauvignon Blanc 2017," Provolone,  Edamental,  Palta,  Ricotta,  Grada Padano,  Queso Fresco,  Cebollin,  Camarones,  Langosta,  Pimiento Verde,  Gruyere,  Cilantro,  Cangrejo,  Mejorana,  Crema Agria,  Burrata,  Epoisses,  Nabo,  Bass,  Manchego,  Bacalao,  Menta,  Comte,  Zapallo,  Queso Crema,  Havarti,  Escarola,  Trucha,  Lechuga,  Calabaza,  Chevre,  Pecorino,  Zanahoria,  Perejil,  Delice de Bougorgne,  Eneldo,  Mizithra,  Cotija,  Cottage,  Brie,  Camembert,  Tomillo,  Asiago,  Ajo,  Halibut,  Basil,  Scamorza,  Chalota,  Cebolla,  Halloumi,  Parmesano,  Oregano, Feta,  Guisantes,  Salmon,  Col,  Shiso,  Aguacate,  Mozzarela"
77,Errazuriz Max Reserva Sauvignon Blanc 2018," Provolone,  Edamental,  Palta,  Ricotta,  Grada Padano,  Queso Fresco,  Cebollin,  Camarones,  Langosta,  Pimiento Verde,  Gruyere,  Cilantro,  Cangrejo,  Mejorana,  Crema Agria,  Burrata,  Epoisses,  Nabo,  Bass,  Manchego,  Bacalao,  Menta,  Comte,  Zapallo,  Queso Crema,  Havarti,  Escarola,  Trucha,  Lechuga,  Calabaza,  Chevre,  Pecorino,  Zanahoria,  Perejil,  Delice de Bougorgne,  Eneldo,  Mizithra,  Cotija,  Cottage,  Brie,  Camembert,  Tomillo,  Asiago,  Ajo,  Halibut,  Basil,  Scamorza,  Chalota,  Cebolla,  Halloumi,  Parmesano,  Oregano, Feta,  Guisantes,  Salmon,  Col,  Shiso,  Aguacate,  Mozzarela"
78,Espiritu De Chile Explorador Cabernet Sauvignon Gran Reserva 2019," Frijoles Negos,  Colby,  Muenster,  Comino, Cheddar,  Gouda,  Ossau-Iraty,  Lenteja,  Carne de Res,  Judía Pinta,  Cordero,  Venado,  Cilantro,  Frijoles Blancos,  Curcuma"
79,Espiritu De Chile Intrepido Cabernet Sauvignon Reserva 2020," Frijoles Negos,  Colby,  Muenster,  Comino, Cheddar,  Gouda,  Ossau-Iraty,  Lenteja,  Carne de Res,  Judía Pinta,  Cordero,  Venado,  Cilantro,  Frijoles Blancos,  Curcuma"
80,Espiritu De Chile Intrepido Merlot Reserva 2020," Provolone,  Tomate,  Cerdo,  Edamental,  Cardamomo,  Grada Padano,  Cebollin,  Ossau-Iraty,  Venado,  Berenjena,  Chuleta,  Clavo,  Manchego,  Hongos,  Comte,  Gouda,  Gengibre,  Frijoles Blancos,  Pecorino,  Pimienta,  Fenogreco, Gruyere,  Frijoles Negos,  Muenster,  Perejil,  Eneldo,  Tomillo,  Asiago,  Ajo,  Judía Pinta,  Scamorza,  Chalota,  Cebolla,  Parmesano,  Oregano,  Tofu,  Seitan,  Colby,  Pimiento,  Canela,  Lenteja,  Carne de Res,  Cordero,  Cheddar,  Vainilla,  Anis,  Pollo,  Mozzarela,  Nuez Moscada"
81,Espiritu De Chile Intrepido Sauvignon Blanc Reserva 2021," Provolone,  Edamental,  Palta,  Ricotta,  Grada Padano,  Queso Fresco,  Cebollin,  Camarones,  Langosta,  Pimiento Verde,  Gruyere,  Cilantro,  Cangrejo,  Mejorana,  Crema Agria,  Burrata,  Epoisses,  Nabo,  Bass,  Manchego,  Bacalao,  Menta,  Comte,  Zapallo,  Queso Crema,  Havarti,  Escarola,  Trucha,  Lechuga,  Calabaza,  Chevre,  Pecorino,  Zanahoria,  Perejil,  Delice de Bougorgne,  Eneldo,  Mizithra,  Cotija,  Cottage,  Brie,  Camembert,  Tomillo,  Asiago,  Ajo,  Halibut,  Basil,  Scamorza,  Chalota,  Cebolla,  Halloumi,  Parmesano,  Oregano, Feta,  Guisantes,  Salmon,  Col,  Shiso,  Aguacate,  Mozzarela"
82,Estampa Inspiracion Riesling 2019," Provolone,  Comino,  Cerdo,  Edamental,  Cardamomo,  Palta,  Cayena,  Camarones,  Langosta,  Pimiento Verde,  Gruyere,  Salami,  Cilantro,  Cangrejo,  Burrata,  Epoisses,  Chuleta,  Nabo,  Clavo,  Gorgonzola,  Menta,  Vinagreta,  Comte,  Zapallo,  Escarola,  Queso Azul,  Gengibre,  Lechuga,  Calabaza,  Pimienta,  Zanahoria,  Fenogreco,  Curcuma, Stilton,  Perejil,  Delice de Bougorgne,  Camembert,  Brie,  Teriyaki,  Roquefort,  Albahaca,  Tocineta,  Scamorza,  Tofu,  Jamon,  Seitan,  Guisantes,  Pimenton,  Barbecue,  Canela,  Chipotle,  Marinado,  Col,  Shiso,  Charcuteria,  Anis,  Vainilla,  Aguacate,  Pollo,  Mozzarela,  Nuez Moscada"
83,Francois Lurton Alka Carmenere 2016," Provolone,  Tomate,  Cerdo,  Edamental,  Cardamomo,  Grada Padano,  Cebollin,  Ossau-Iraty,  Venado,  Berenjena,  Chuleta,  Clavo,  Manchego,  Hongos,  Comte,  Gouda,  Gengibre,  Frijoles Blancos,  Pecorino,  Pimienta,  Fenogreco, Gruyere,  Frijoles Negos,  Muenster,  Perejil,  Eneldo,  Tomillo,  Asiago,  Ajo,  Judía Pinta,  Scamorza,  Chalota,  Cebolla,  Parmesano,  Oregano,  Tofu,  Seitan,  Colby,  Pimiento,  Canela,  Lenteja,  Carne de Res,  Cordero,  Cheddar,  Vainilla,  Anis,  Pollo,  Mozzarela,  Nuez Moscada"
84,Francois Lurton Humo Blanco Edición Limitada Chardonnay 2020," Provolone,  Cerdo,  Edamental,  Cebollin,  Camarones,  Langosta,  Gruyere,  Cangrejo,  Burrata,  Epoisses,  Chuleta,  Hongos,  Comte,  Delice de Bougorgne,  Camembert,  Ajo,  Scamorza,  Chalota,  Cebolla,  Tofu,  Seitan, Brie,  Pollo,  Mozzarela"
85,Francois Lurton Humo Blanco Grand Cuvee Pinot Noir 2015," Provolone,  Cerdo,  Edamental,  Hongos,  Comte,  Ajo,  Chuleta,  Scamorza,  Seitan,  Cebolla,  Chalota,  Pollo,  Mozzarela,  Tofu, Gruyere"
86,J.bouchon Block Series Cabernet Sauvignon 2018," Frijoles Negos,  Colby,  Muenster,  Comino, Cheddar,  Gouda,  Ossau-Iraty,  Lenteja,  Carne de Res,  Judía Pinta,  Cordero,  Venado,  Cilantro,  Frijoles Blancos,  Curcuma"
87,J.bouchon Block Series Cabernet Sauvignon 2020," Frijoles Negos,  Colby,  Muenster,  Comino, Cheddar,  Gouda,  Ossau-Iraty,  Lenteja,  Carne de Res,  Judía Pinta,  Cordero,  Venado,  Cilantro,  Frijoles Blancos,  Curcuma"
88,J.bouchon Block Series Semillon 2019," Provolone,  Edamental,  Palta,  Ricotta,  Grada Padano,  Queso Fresco,  Cebollin,  Camarones,  Langosta,  Pimiento Verde,  Gruyere,  Cilantro,  Cangrejo,  Mejorana,  Crema Agria,  Burrata,  Epoisses,  Nabo,  Bass,  Manchego,  Bacalao,  Menta,  Comte,  Zapallo,  Queso Crema,  Havarti,  Escarola,  Trucha,  Lechuga,  Calabaza,  Chevre,  Pecorino,  Zanahoria,  Perejil,  Delice de Bougorgne,  Eneldo,  Mizithra,  Cotija,  Cottage,  Brie,  Camembert,  Tomillo,  Asiago,  Ajo,  Halibut,  Basil,  Scamorza,  Chalota,  Cebolla,  Halloumi,  Parmesano,  Oregano, Feta,  Guisantes,  Salmon,  Col,  Shiso,  Aguacate,  Mozzarela"
89,J.bouchon Block Series Semillon 2020," Provolone,  Edamental,  Palta,  Ricotta,  Grada Padano,  Queso Fresco,  Cebollin,  Camarones,  Langosta,  Pimiento Verde,  Gruyere,  Cilantro,  Cangrejo,  Mejorana,  Crema Agria,  Burrata,  Epoisses,  Nabo,  Bass,  Manchego,  Bacalao,  Menta,  Comte,  Zapallo,  Queso Crema,  Havarti,  Escarola,  Trucha,  Lechuga,  Calabaza,  Chevre,  Pecorino,  Zanahoria,  Perejil,  Delice de Bougorgne,  Eneldo,  Mizithra,  Cotija,  Cottage,  Brie,  Camembert,  Tomillo,  Asiago,  Ajo,  Halibut,  Basil,  Scamorza,  Chalota,  Cebolla,  Halloumi,  Parmesano,  Oregano, Feta,  Guisantes,  Salmon,  Col,  Shiso,  Aguacate,  Mozzarela"
90,J.bouchon Cabernet Sauvignon Reserva 2022," Frijoles Negos,  Colby,  Muenster,  Comino, Cheddar,  Gouda,  Ossau-Iraty,  Lenteja,  Carne de Res,  Judía Pinta,  Cordero,  Venado,  Cilantro,  Frijoles Blancos,  Curcuma"
91,J.bouchon Sauvignon Blanc Reserva 2022," Provolone,  Edamental,  Palta,  Ricotta,  Grada Padano,  Queso Fresco,  Cebollin,  Camarones,  Langosta,  Pimiento Verde,  Gruyere,  Cilantro,  Cangrejo,  Mejorana,  Crema Agria,  Burrata,  Epoisses,  Nabo,  Bass,  Manchego,  Bacalao,  Menta,  Comte,  Zapallo,  Queso Crema,  Havarti,  Escarola,  Trucha,  Lechuga,  Calabaza,  Chevre,  Pecorino,  Zanahoria,  Perejil,  Delice de Bougorgne,  Eneldo,  Mizithra,  Cotija,  Cottage,  Brie,  Camembert,  Tomillo,  Asiago,  Ajo,  Halibut,  Basil,  Scamorza,  Chalota,  Cebolla,  Halloumi,  Parmesano,  Oregano, Feta,  Guisantes,  Salmon,  Col,  Shiso,  Aguacate,  Mozzarela"
92,Korta Beltz Cabernet Franc 2019," Provolone,  Tomate,  Cerdo,  Edamental,  Cardamomo,  Grada Padano,  Cebollin,  Ossau-Iraty,  Venado,  Berenjena,  Chuleta,  Clavo,  Manchego,  Hongos,  Comte,  Gouda,  Gengibre,  Frijoles Blancos,  Pecorino,  Pimienta,  Fenogreco, Gruyere,  Frijoles Negos,  Muenster,  Perejil,  Eneldo,  Tomillo,  Asiago,  Ajo,  Judía Pinta,  Scamorza,  Chalota,  Cebolla,  Parmesano,  Oregano,  Tofu,  Seitan,  Colby,  Pimiento,  Canela,  Lenteja,  Carne de Res,  Cordero,  Cheddar,  Vainilla,  Anis,  Pollo,  Mozzarela,  Nuez Moscada"
93,Korta Beltz Petit Verdot 2019," Provolone,  Tomate,  Cerdo,  Edamental,  Cardamomo,  Grada Padano,  Cebollin,  Ossau-Iraty,  Venado,  Berenjena,  Chuleta,  Clavo,  Manchego,  Hongos,  Comte,  Gouda,  Gengibre,  Frijoles Blancos,  Pecorino,  Pimienta,  Fenogreco, Gruyere,  Frijoles Negos,  Muenster,  Perejil,  Eneldo,  Tomillo,  Asiago,  Ajo,  Judía Pinta,  Scamorza,  Chalota,  Cebolla,  Parmesano,  Oregano,  Tofu,  Seitan,  Colby,  Pimiento,  Canela,  Lenteja,  Carne de Res,  Cordero,  Cheddar,  Vainilla,  Anis,  Pollo,  Mozzarela,  Nuez Moscada"
94,Korta Seleccion Especial Sauvignon Blanc 2022," Provolone,  Edamental,  Palta,  Ricotta,  Grada Padano,  Queso Fresco,  Cebollin,  Camarones,  Langosta,  Pimiento Verde,  Gruyere,  Cilantro,  Cangrejo,  Mejorana,  Crema Agria,  Burrata,  Epoisses,  Nabo,  Bass,  Manchego,  Bacalao,  Menta,  Comte,  Zapallo,  Queso Crema,  Havarti,  Escarola,  Trucha,  Lechuga,  Calabaza,  Chevre,  Pecorino,  Zanahoria,  Perejil,  Delice de Bougorgne,  Eneldo,  Mizithra,  Cotija,  Cottage,  Brie,  Camembert,  Tomillo,  Asiago,  Ajo,  Halibut,  Basil,  Scamorza,  Chalota,  Cebolla,  Halloumi,  Parmesano,  Oregano, Feta,  Guisantes,  Salmon,  Col,  Shiso,  Aguacate,  Mozzarela"
95,Korta Selected Vineyard Reserve Cabernet Sauvignon 2021," Frijoles Negos,  Colby,  Muenster,  Comino, Cheddar,  Gouda,  Ossau-Iraty,  Lenteja,  Carne de Res,  Judía Pinta,  Cordero,  Venado,  Cilantro,  Frijoles Blancos,  Curcuma"
96,Korta Selected Vineyard Reserve Carmenere 2021," Provolone,  Tomate,  Cerdo,  Edamental,  Cardamomo,  Grada Padano,  Cebollin,  Ossau-Iraty,  Venado,  Berenjena,  Chuleta,  Clavo,  Manchego,  Hongos,  Comte,  Gouda,  Gengibre,  Frijoles Blancos,  Pecorino,  Pimienta,  Fenogreco, Gruyere,  Frijoles Negos,  Muenster,  Perejil,  Eneldo,  Tomillo,  Asiago,  Ajo,  Judía Pinta,  Scamorza,  Chalota,  Cebolla,  Parmesano,  Oregano,  Tofu,  Seitan,  Colby,  Pimiento,  Canela,  Lenteja,  Carne de Res,  Cordero,  Cheddar,  Vainilla,  Anis,  Pollo,  Mozzarela,  Nuez Moscada"
97,Korta Selected Vineyard Reserve Chardonnay 2022," Provolone,  Cerdo,  Edamental,  Cebollin,  Camarones,  Langosta,  Gruyere,  Cangrejo,  Burrata,  Epoisses,  Chuleta,  Hongos,  Comte,  Delice de Bougorgne,  Camembert,  Ajo,  Scamorza,  Chalota,  Cebolla,  Tofu,  Seitan, Brie,  Pollo,  Mozzarela"
98,Korta Selected Vineyard Reserve Syrah 2019," Frijoles Negos,  Colby,  Muenster,  Comino, Cheddar,  Gouda,  Ossau-Iraty,  Lenteja,  Carne de Res,  Judía Pinta,  Cordero,  Venado,  Cilantro,  Frijoles Blancos,  Curcuma"
99,La Rosa La Capitana Blanc De Blanc Brut 750cc," Provolone,  Cerdo,  Edamental,  Cebollin,  Camarones,  Langosta,  Gruyere,  Cangrejo,  Burrata,  Epoisses,  Chuleta,  Hongos,  Comte,  Delice de Bougorgne,  Camembert,  Ajo,  Scamorza,  Chalota,  Cebolla,  Tofu,  Seitan, Brie,  Pollo,  Mozzarela"
100,La Rosa La Capitana Rose De Noir Brut 750cc," Provolone,  Cerdo,  Edamental,  Hongos,  Comte,  Ajo,  Chuleta,  Scamorza,  Seitan,  Cebolla,  Chalota,  Pollo,  Mozzarela,  Tofu, Gruyere"
101,Longavi Sauvignon Blanc 2015," Provolone,  Edamental,  Palta,  Ricotta,  Grada Padano,  Queso Fresco,  Cebollin,  Camarones,  Langosta,  Pimiento Verde,  Gruyere,  Cilantro,  Cangrejo,  Mejorana,  Crema Agria,  Burrata,  Epoisses,  Nabo,  Bass,  Manchego,  Bacalao,  Menta,  Comte,  Zapallo,  Queso Crema,  Havarti,  Escarola,  Trucha,  Lechuga,  Calabaza,  Chevre,  Pecorino,  Zanahoria,  Perejil,  Delice de Bougorgne,  Eneldo,  Mizithra,  Cotija,  Cottage,  Brie,  Camembert,  Tomillo,  Asiago,  Ajo,  Halibut,  Basil,  Scamorza,  Chalota,  Cebolla,  Halloumi,  Parmesano,  Oregano, Feta,  Guisantes,  Salmon,  Col,  Shiso,  Aguacate,  Mozzarela"
102,Matetic Syrah Icono 2017," Frijoles Negos,  Colby,  Muenster,  Comino, Cheddar,  Gouda,  Ossau-Iraty,  Lenteja,  Carne de Res,  Judía Pinta,  Cordero,  Venado,  Cilantro,  Frijoles Blancos,  Curcuma"
103,Maturana Wines Ascension Chardonnay 2021," Provolone,  Cerdo,  Edamental,  Cebollin,  Camarones,  Langosta,  Gruyere,  Cangrejo,  Burrata,  Epoisses,  Chuleta,  Hongos,  Comte,  Delice de Bougorgne,  Camembert,  Ajo,  Scamorza,  Chalota,  Cebolla,  Tofu,  Seitan, Brie,  Pollo,  Mozzarela"
104,Maturana Wines Lucas Cabernet Sauvignon 2019," Frijoles Negos,  Colby,  Muenster,  Comino, Cheddar,  Gouda,  Ossau-Iraty,  Lenteja,  Carne de Res,  Judía Pinta,  Cordero,  Venado,  Cilantro,  Frijoles Blancos,  Curcuma"
105,Maturana Wines Pai Gar Garnacha 2019," Provolone,  Cerdo,  Edamental,  Hongos,  Comte,  Ajo,  Chuleta,  Scamorza,  Seitan,  Cebolla,  Chalota,  Pollo,  Mozzarela,  Tofu, Gruyere"
106,Miguel Torres Estelado Brut Rose 750cc," Frijoles Negos,  Colby,  Muenster,  Comino, Cheddar,  Gouda,  Ossau-Iraty,  Lenteja,  Carne de Res,  Judía Pinta,  Cordero,  Venado,  Cilantro,  Frijoles Blancos,  Curcuma"
107,Millaman Estate Reserve Cabernet Sauvignon 2020," Frijoles Negos,  Colby,  Muenster,  Comino, Cheddar,  Gouda,  Ossau-Iraty,  Lenteja,  Carne de Res,  Judía Pinta,  Cordero,  Venado,  Cilantro,  Frijoles Blancos,  Curcuma"
108,Morande Edicion Limitada Blanco De Foudres Sauvignon Blanc 2014," Provolone,  Edamental,  Palta,  Ricotta,  Grada Padano,  Queso Fresco,  Cebollin,  Camarones,  Langosta,  Pimiento Verde,  Gruyere,  Cilantro,  Cangrejo,  Mejorana,  Crema Agria,  Burrata,  Epoisses,  Nabo,  Bass,  Manchego,  Bacalao,  Menta,  Comte,  Zapallo,  Queso Crema,  Havarti,  Escarola,  Trucha,  Lechuga,  Calabaza,  Chevre,  Pecorino,  Zanahoria,  Perejil,  Delice de Bougorgne,  Eneldo,  Mizithra,  Cotija,  Cottage,  Brie,  Camembert,  Tomillo,  Asiago,  Ajo,  Halibut,  Basil,  Scamorza,  Chalota,  Cebolla,  Halloumi,  Parmesano,  Oregano, Feta,  Guisantes,  Salmon,  Col,  Shiso,  Aguacate,  Mozzarela"
109,Morande Espumoso Extra Brut Charmat 750cc," Provolone,  Cerdo,  Edamental,  Cebollin,  Camarones,  Langosta,  Gruyere,  Cangrejo,  Burrata,  Epoisses,  Chuleta,  Hongos,  Comte,  Delice de Bougorgne,  Camembert,  Ajo,  Scamorza,  Chalota,  Cebolla,  Tofu,  Seitan, Brie,  Pollo,  Mozzarela"
110,Morande Seleccion De Viñedos Cabernet Sauvignon Gran Reserva 2021," Frijoles Negos,  Colby,  Muenster,  Comino, Cheddar,  Gouda,  Ossau-Iraty,  Lenteja,  Carne de Res,  Judía Pinta,  Cordero,  Venado,  Cilantro,  Frijoles Blancos,  Curcuma"
111,Morande Seleccion De Viñedos Carmenere Gran Reserva 2021," Provolone,  Tomate,  Cerdo,  Edamental,  Cardamomo,  Grada Padano,  Cebollin,  Ossau-Iraty,  Venado,  Berenjena,  Chuleta,  Clavo,  Manchego,  Hongos,  Comte,  Gouda,  Gengibre,  Frijoles Blancos,  Pecorino,  Pimienta,  Fenogreco, Gruyere,  Frijoles Negos,  Muenster,  Perejil,  Eneldo,  Tomillo,  Asiago,  Ajo,  Judía Pinta,  Scamorza,  Chalota,  Cebolla,  Parmesano,  Oregano,  Tofu,  Seitan,  Colby,  Pimiento,  Canela,  Lenteja,  Carne de Res,  Cordero,  Cheddar,  Vainilla,  Anis,  Pollo,  Mozzarela,  Nuez Moscada"
112,Morande Seleccion Enologica Chardonnay 2019," Provolone,  Cerdo,  Edamental,  Cebollin,  Camarones,  Langosta,  Gruyere,  Cangrejo,  Burrata,  Epoisses,  Chuleta,  Hongos,  Comte,  Delice de Bougorgne,  Camembert,  Ajo,  Scamorza,  Chalota,  Cebolla,  Tofu,  Seitan, Brie,  Pollo,  Mozzarela"
113,Moretta Wines Carigno Del Maule Carignan 2021," Provolone,  Tomate,  Cerdo,  Edamental,  Cardamomo,  Grada Padano,  Cebollin,  Ossau-Iraty,  Venado,  Berenjena,  Chuleta,  Clavo,  Manchego,  Hongos,  Comte,  Gouda,  Gengibre,  Frijoles Blancos,  Pecorino,  Pimienta,  Fenogreco, Gruyere,  Frijoles Negos,  Muenster,  Perejil,  Eneldo,  Tomillo,  Asiago,  Ajo,  Judía Pinta,  Scamorza,  Chalota,  Cebolla,  Parmesano,  Oregano,  Tofu,  Seitan,  Colby,  Pimiento,  Canela,  Lenteja,  Carne de Res,  Cordero,  Cheddar,  Vainilla,  Anis,  Pollo,  Mozzarela,  Nuez Moscada"
114,Moretta Wines Ceniciento Cabernet Sauvignon 2020," Frijoles Negos,  Colby,  Muenster,  Comino, Cheddar,  Gouda,  Ossau-Iraty,  Lenteja,  Carne de Res,  Judía Pinta,  Cordero,  Venado,  Cilantro,  Frijoles Blancos,  Curcuma"
115,Nobel Serafine Cabernet Sauvignon 2020," Frijoles Negos,  Colby,  Muenster,  Comino, Cheddar,  Gouda,  Ossau-Iraty,  Lenteja,  Carne de Res,  Judía Pinta,  Cordero,  Venado,  Cilantro,  Frijoles Blancos,  Curcuma"
116,Nobel Serafine Chardonnay 2021," Provolone,  Cerdo,  Edamental,  Cebollin,  Camarones,  Langosta,  Gruyere,  Cangrejo,  Burrata,  Epoisses,  Chuleta,  Hongos,  Comte,  Delice de Bougorgne,  Camembert,  Ajo,  Scamorza,  Chalota,  Cebolla,  Tofu,  Seitan, Brie,  Pollo,  Mozzarela"
117,Nobel Soneto Cabernet Sauvignon 2020," Frijoles Negos,  Colby,  Muenster,  Comino, Cheddar,  Gouda,  Ossau-Iraty,  Lenteja,  Carne de Res,  Judía Pinta,  Cordero,  Venado,  Cilantro,  Frijoles Blancos,  Curcuma"
118,Nobel Soneto Carmenere 2020," Provolone,  Tomate,  Cerdo,  Edamental,  Cardamomo,  Grada Padano,  Cebollin,  Ossau-Iraty,  Venado,  Berenjena,  Chuleta,  Clavo,  Manchego,  Hongos,  Comte,  Gouda,  Gengibre,  Frijoles Blancos,  Pecorino,  Pimienta,  Fenogreco, Gruyere,  Frijoles Negos,  Muenster,  Perejil,  Eneldo,  Tomillo,  Asiago,  Ajo,  Judía Pinta,  Scamorza,  Chalota,  Cebolla,  Parmesano,  Oregano,  Tofu,  Seitan,  Colby,  Pimiento,  Canela,  Lenteja,  Carne de Res,  Cordero,  Cheddar,  Vainilla,  Anis,  Pollo,  Mozzarela,  Nuez Moscada"
119,Nobel Soneto Sauvignon Blanc 2021," Provolone,  Edamental,  Palta,  Ricotta,  Grada Padano,  Queso Fresco,  Cebollin,  Camarones,  Langosta,  Pimiento Verde,  Gruyere,  Cilantro,  Cangrejo,  Mejorana,  Crema Agria,  Burrata,  Epoisses,  Nabo,  Bass,  Manchego,  Bacalao,  Menta,  Comte,  Zapallo,  Queso Crema,  Havarti,  Escarola,  Trucha,  Lechuga,  Calabaza,  Chevre,  Pecorino,  Zanahoria,  Perejil,  Delice de Bougorgne,  Eneldo,  Mizithra,  Cotija,  Cottage,  Brie,  Camembert,  Tomillo,  Asiago,  Ajo,  Halibut,  Basil,  Scamorza,  Chalota,  Cebolla,  Halloumi,  Parmesano,  Oregano, Feta,  Guisantes,  Salmon,  Col,  Shiso,  Aguacate,  Mozzarela"
120,Orbis Cabernet Sauvignon Reserva 2020," Frijoles Negos,  Colby,  Muenster,  Comino, Cheddar,  Gouda,  Ossau-Iraty,  Lenteja,  Carne de Res,  Judía Pinta,  Cordero,  Venado,  Cilantro,  Frijoles Blancos,  Curcuma"
121,Orbis Carmenere Reserva 2020," Provolone,  Tomate,  Cerdo,  Edamental,  Cardamomo,  Grada Padano,  Cebollin,  Ossau-Iraty,  Venado,  Berenjena,  Chuleta,  Clavo,  Manchego,  Hongos,  Comte,  Gouda,  Gengibre,  Frijoles Blancos,  Pecorino,  Pimienta,  Fenogreco, Gruyere,  Frijoles Negos,  Muenster,  Perejil,  Eneldo,  Tomillo,  Asiago,  Ajo,  Judía Pinta,  Scamorza,  Chalota,  Cebolla,  Parmesano,  Oregano,  Tofu,  Seitan,  Colby,  Pimiento,  Canela,  Lenteja,  Carne de Res,  Cordero,  Cheddar,  Vainilla,  Anis,  Pollo,  Mozzarela,  Nuez Moscada"
122,Orbis Sauvignon Blanc Reserva 2021," Provolone,  Edamental,  Palta,  Ricotta,  Grada Padano,  Queso Fresco,  Cebollin,  Camarones,  Langosta,  Pimiento Verde,  Gruyere,  Cilantro,  Cangrejo,  Mejorana,  Crema Agria,  Burrata,  Epoisses,  Nabo,  Bass,  Manchego,  Bacalao,  Menta,  Comte,  Zapallo,  Queso Crema,  Havarti,  Escarola,  Trucha,  Lechuga,  Calabaza,  Chevre,  Pecorino,  Zanahoria,  Perejil,  Delice de Bougorgne,  Eneldo,  Mizithra,  Cotija,  Cottage,  Brie,  Camembert,  Tomillo,  Asiago,  Ajo,  Halibut,  Basil,  Scamorza,  Chalota,  Cebolla,  Halloumi,  Parmesano,  Oregano, Feta,  Guisantes,  Salmon,  Col,  Shiso,  Aguacate,  Mozzarela"
123,Oveja Negra Brut 750cc," Provolone,  Cerdo,  Edamental,  Cebollin,  Camarones,  Langosta,  Gruyere,  Cangrejo,  Burrata,  Epoisses,  Chuleta,  Hongos,  Comte,  Delice de Bougorgne,  Camembert,  Ajo,  Scamorza,  Chalota,  Cebolla,  Tofu,  Seitan, Brie,  Pollo,  Mozzarela"
124,Oveja Negra Chardonnay Gran Reserva 2022," Provolone,  Cerdo,  Edamental,  Cebollin,  Camarones,  Langosta,  Gruyere,  Cangrejo,  Burrata,  Epoisses,  Chuleta,  Hongos,  Comte,  Delice de Bougorgne,  Camembert,  Ajo,  Scamorza,  Chalota,  Cebolla,  Tofu,  Seitan, Brie,  Pollo,  Mozzarela"
125,Ovni Wines Octavo Pasajero Carignan 2019," Provolone,  Tomate,  Cerdo,  Edamental,  Cardamomo,  Grada Padano,  Cebollin,  Ossau-Iraty,  Venado,  Berenjena,  Chuleta,  Clavo,  Manchego,  Hongos,  Comte,  Gouda,  Gengibre,  Frijoles Blancos,  Pecorino,  Pimienta,  Fenogreco, Gruyere,  Frijoles Negos,  Muenster,  Perejil,  Eneldo,  Tomillo,  Asiago,  Ajo,  Judía Pinta,  Scamorza,  Chalota,  Cebolla,  Parmesano,  Oregano,  Tofu,  Seitan,  Colby,  Pimiento,  Canela,  Lenteja,  Carne de Res,  Cordero,  Cheddar,  Vainilla,  Anis,  Pollo,  Mozzarela,  Nuez Moscada"
126,Pons Raineri Cocoliche Carmenere Gran Reserva 2020," Provolone,  Tomate,  Cerdo,  Edamental,  Cardamomo,  Grada Padano,  Cebollin,  Ossau-Iraty,  Venado,  Berenjena,  Chuleta,  Clavo,  Manchego,  Hongos,  Comte,  Gouda,  Gengibre,  Frijoles Blancos,  Pecorino,  Pimienta,  Fenogreco, Gruyere,  Frijoles Negos,  Muenster,  Perejil,  Eneldo,  Tomillo,  Asiago,  Ajo,  Judía Pinta,  Scamorza,  Chalota,  Cebolla,  Parmesano,  Oregano,  Tofu,  Seitan,  Colby,  Pimiento,  Canela,  Lenteja,  Carne de Res,  Cordero,  Cheddar,  Vainilla,  Anis,  Pollo,  Mozzarela,  Nuez Moscada"
127,Puente Austral Merlot Gran Reserva 2019," Provolone,  Tomate,  Cerdo,  Edamental,  Cardamomo,  Grada Padano,  Cebollin,  Ossau-Iraty,  Venado,  Berenjena,  Chuleta,  Clavo,  Manchego,  Hongos,  Comte,  Gouda,  Gengibre,  Frijoles Blancos,  Pecorino,  Pimienta,  Fenogreco, Gruyere,  Frijoles Negos,  Muenster,  Perejil,  Eneldo,  Tomillo,  Asiago,  Ajo,  Judía Pinta,  Scamorza,  Chalota,  Cebolla,  Parmesano,  Oregano,  Tofu,  Seitan,  Colby,  Pimiento,  Canela,  Lenteja,  Carne de Res,  Cordero,  Cheddar,  Vainilla,  Anis,  Pollo,  Mozzarela,  Nuez Moscada"
128,Punti Ferrer Cabernet Sauvignon Gran Reserva 2019," Frijoles Negos,  Colby,  Muenster,  Comino, Cheddar,  Gouda,  Ossau-Iraty,  Lenteja,  Carne de Res,  Judía Pinta,  Cordero,  Venado,  Cilantro,  Frijoles Blancos,  Curcuma"
129,Punti Ferrer Cabernet Sauvignon Reserva 2020," Frijoles Negos,  Colby,  Muenster,  Comino, Cheddar,  Gouda,  Ossau-Iraty,  Lenteja,  Carne de Res,  Judía Pinta,  Cordero,  Venado,  Cilantro,  Frijoles Blancos,  Curcuma"
130,Punti Ferrer Carmenere Gran Reserva 2019," Provolone,  Tomate,  Cerdo,  Edamental,  Cardamomo,  Grada Padano,  Cebollin,  Ossau-Iraty,  Venado,  Berenjena,  Chuleta,  Clavo,  Manchego,  Hongos,  Comte,  Gouda,  Gengibre,  Frijoles Blancos,  Pecorino,  Pimienta,  Fenogreco, Gruyere,  Frijoles Negos,  Muenster,  Perejil,  Eneldo,  Tomillo,  Asiago,  Ajo,  Judía Pinta,  Scamorza,  Chalota,  Cebolla,  Parmesano,  Oregano,  Tofu,  Seitan,  Colby,  Pimiento,  Canela,  Lenteja,  Carne de Res,  Cordero,  Cheddar,  Vainilla,  Anis,  Pollo,  Mozzarela,  Nuez Moscada"
131,Punti Ferrer Carmenere Reserva 2020," Provolone,  Tomate,  Cerdo,  Edamental,  Cardamomo,  Grada Padano,  Cebollin,  Ossau-Iraty,  Venado,  Berenjena,  Chuleta,  Clavo,  Manchego,  Hongos,  Comte,  Gouda,  Gengibre,  Frijoles Blancos,  Pecorino,  Pimienta,  Fenogreco, Gruyere,  Frijoles Negos,  Muenster,  Perejil,  Eneldo,  Tomillo,  Asiago,  Ajo,  Judía Pinta,  Scamorza,  Chalota,  Cebolla,  Parmesano,  Oregano,  Tofu,  Seitan,  Colby,  Pimiento,  Canela,  Lenteja,  Carne de Res,  Cordero,  Cheddar,  Vainilla,  Anis,  Pollo,  Mozzarela,  Nuez Moscada"
132,Punti Ferrer Pais Brut 750cc," Frijoles Negos,  Colby,  Muenster,  Comino, Cheddar,  Gouda,  Ossau-Iraty,  Lenteja,  Carne de Res,  Judía Pinta,  Cordero,  Venado,  Cilantro,  Frijoles Blancos,  Curcuma"
133,Punti Ferrer Sauvignon Blanc Reserva 2021," Provolone,  Edamental,  Palta,  Ricotta,  Grada Padano,  Queso Fresco,  Cebollin,  Camarones,  Langosta,  Pimiento Verde,  Gruyere,  Cilantro,  Cangrejo,  Mejorana,  Crema Agria,  Burrata,  Epoisses,  Nabo,  Bass,  Manchego,  Bacalao,  Menta,  Comte,  Zapallo,  Queso Crema,  Havarti,  Escarola,  Trucha,  Lechuga,  Calabaza,  Chevre,  Pecorino,  Zanahoria,  Perejil,  Delice de Bougorgne,  Eneldo,  Mizithra,  Cotija,  Cottage,  Brie,  Camembert,  Tomillo,  Asiago,  Ajo,  Halibut,  Basil,  Scamorza,  Chalota,  Cebolla,  Halloumi,  Parmesano,  Oregano, Feta,  Guisantes,  Salmon,  Col,  Shiso,  Aguacate,  Mozzarela"
134,Punti Ferrer Xtra Brut," Provolone,  Cerdo,  Edamental,  Cebollin,  Camarones,  Langosta,  Gruyere,  Cangrejo,  Burrata,  Epoisses,  Chuleta,  Hongos,  Comte,  Delice de Bougorgne,  Camembert,  Ajo,  Scamorza,  Chalota,  Cebolla,  Tofu,  Seitan, Brie,  Pollo,  Mozzarela"
135,Ranquilhue Pumanquino Petit Verdot 2021," Provolone,  Tomate,  Cerdo,  Edamental,  Cardamomo,  Grada Padano,  Cebollin,  Ossau-Iraty,  Venado,  Berenjena,  Chuleta,  Clavo,  Manchego,  Hongos,  Comte,  Gouda,  Gengibre,  Frijoles Blancos,  Pecorino,  Pimienta,  Fenogreco, Gruyere,  Frijoles Negos,  Muenster,  Perejil,  Eneldo,  Tomillo,  Asiago,  Ajo,  Judía Pinta,  Scamorza,  Chalota,  Cebolla,  Parmesano,  Oregano,  Tofu,  Seitan,  Colby,  Pimiento,  Canela,  Lenteja,  Carne de Res,  Cordero,  Cheddar,  Vainilla,  Anis,  Pollo,  Mozzarela,  Nuez Moscada"
136,Royal One Premier Reserve Cabernet Sauvignon 2021," Frijoles Negos,  Colby,  Muenster,  Comino, Cheddar,  Gouda,  Ossau-Iraty,  Lenteja,  Carne de Res,  Judía Pinta,  Cordero,  Venado,  Cilantro,  Frijoles Blancos,  Curcuma"
137,San Esteban In Situ Carmenere Reserva 2020," Provolone,  Tomate,  Cerdo,  Edamental,  Cardamomo,  Grada Padano,  Cebollin,  Ossau-Iraty,  Venado,  Berenjena,  Chuleta,  Clavo,  Manchego,  Hongos,  Comte,  Gouda,  Gengibre,  Frijoles Blancos,  Pecorino,  Pimienta,  Fenogreco, Gruyere,  Frijoles Negos,  Muenster,  Perejil,  Eneldo,  Tomillo,  Asiago,  Ajo,  Judía Pinta,  Scamorza,  Chalota,  Cebolla,  Parmesano,  Oregano,  Tofu,  Seitan,  Colby,  Pimiento,  Canela,  Lenteja,  Carne de Res,  Cordero,  Cheddar,  Vainilla,  Anis,  Pollo,  Mozzarela,  Nuez Moscada"
138,San Esteban In Situ Chardonnay Reserva 2022," Provolone,  Cerdo,  Edamental,  Cebollin,  Camarones,  Langosta,  Gruyere,  Cangrejo,  Burrata,  Epoisses,  Chuleta,  Hongos,  Comte,  Delice de Bougorgne,  Camembert,  Ajo,  Scamorza,  Chalota,  Cebolla,  Tofu,  Seitan, Brie,  Pollo,  Mozzarela"
139,Santa Cruz Chaman Sauvignon Blanc  Reserva 2018," Provolone,  Edamental,  Palta,  Ricotta,  Grada Padano,  Queso Fresco,  Cebollin,  Camarones,  Langosta,  Pimiento Verde,  Gruyere,  Cilantro,  Cangrejo,  Mejorana,  Crema Agria,  Burrata,  Epoisses,  Nabo,  Bass,  Manchego,  Bacalao,  Menta,  Comte,  Zapallo,  Queso Crema,  Havarti,  Escarola,  Trucha,  Lechuga,  Calabaza,  Chevre,  Pecorino,  Zanahoria,  Perejil,  Delice de Bougorgne,  Eneldo,  Mizithra,  Cotija,  Cottage,  Brie,  Camembert,  Tomillo,  Asiago,  Ajo,  Halibut,  Basil,  Scamorza,  Chalota,  Cebolla,  Halloumi,  Parmesano,  Oregano, Feta,  Guisantes,  Salmon,  Col,  Shiso,  Aguacate,  Mozzarela"
140,Santa Ema Amplus Chardonnay Premium 2020," Provolone,  Cerdo,  Edamental,  Cebollin,  Camarones,  Langosta,  Gruyere,  Cangrejo,  Burrata,  Epoisses,  Chuleta,  Hongos,  Comte,  Delice de Bougorgne,  Camembert,  Ajo,  Scamorza,  Chalota,  Cebolla,  Tofu,  Seitan, Brie,  Pollo,  Mozzarela"
141,Santa Ema Amplus One Carmenere Premium 2021," Provolone,  Tomate,  Cerdo,  Edamental,  Cardamomo,  Grada Padano,  Cebollin,  Ossau-Iraty,  Venado,  Berenjena,  Chuleta,  Clavo,  Manchego,  Hongos,  Comte,  Gouda,  Gengibre,  Frijoles Blancos,  Pecorino,  Pimienta,  Fenogreco, Gruyere,  Frijoles Negos,  Muenster,  Perejil,  Eneldo,  Tomillo,  Asiago,  Ajo,  Judía Pinta,  Scamorza,  Chalota,  Cebolla,  Parmesano,  Oregano,  Tofu,  Seitan,  Colby,  Pimiento,  Canela,  Lenteja,  Carne de Res,  Cordero,  Cheddar,  Vainilla,  Anis,  Pollo,  Mozzarela,  Nuez Moscada"
142,Santa Rita Medalla Real Pinot Noir Gran Reserva 2019," Provolone,  Cerdo,  Edamental,  Hongos,  Comte,  Ajo,  Chuleta,  Scamorza,  Seitan,  Cebolla,  Chalota,  Pollo,  Mozzarela,  Tofu, Gruyere"
143,Sideways By Rex Pickett Pinot Noir 2016," Provolone,  Cerdo,  Edamental,  Hongos,  Comte,  Ajo,  Chuleta,  Scamorza,  Seitan,  Cebolla,  Chalota,  Pollo,  Mozzarela,  Tofu, Gruyere"
144,Siete Perros Cabernet Sauvignon 2022," Frijoles Negos,  Colby,  Muenster,  Comino, Cheddar,  Gouda,  Ossau-Iraty,  Lenteja,  Carne de Res,  Judía Pinta,  Cordero,  Venado,  Cilantro,  Frijoles Blancos,  Curcuma"
145,Sutil Grand Reserve Cabernet Sauvignon 2021," Frijoles Negos,  Colby,  Muenster,  Comino, Cheddar,  Gouda,  Ossau-Iraty,  Lenteja,  Carne de Res,  Judía Pinta,  Cordero,  Venado,  Cilantro,  Frijoles Blancos,  Curcuma"
146,Sutil Grand Reserve Carmenere 2021," Provolone,  Tomate,  Cerdo,  Edamental,  Cardamomo,  Grada Padano,  Cebollin,  Ossau-Iraty,  Venado,  Berenjena,  Chuleta,  Clavo,  Manchego,  Hongos,  Comte,  Gouda,  Gengibre,  Frijoles Blancos,  Pecorino,  Pimienta,  Fenogreco, Gruyere,  Frijoles Negos,  Muenster,  Perejil,  Eneldo,  Tomillo,  Asiago,  Ajo,  Judía Pinta,  Scamorza,  Chalota,  Cebolla,  Parmesano,  Oregano,  Tofu,  Seitan,  Colby,  Pimiento,  Canela,  Lenteja,  Carne de Res,  Cordero,  Cheddar,  Vainilla,  Anis,  Pollo,  Mozzarela,  Nuez Moscada"
147,Sutil Grand Reserve Sauvignon Blanc 2022," Provolone,  Edamental,  Palta,  Ricotta,  Grada Padano,  Queso Fresco,  Cebollin,  Camarones,  Langosta,  Pimiento Verde,  Gruyere,  Cilantro,  Cangrejo,  Mejorana,  Crema Agria,  Burrata,  Epoisses,  Nabo,  Bass,  Manchego,  Bacalao,  Menta,  Comte,  Zapallo,  Queso Crema,  Havarti,  Escarola,  Trucha,  Lechuga,  Calabaza,  Chevre,  Pecorino,  Zanahoria,  Perejil,  Delice de Bougorgne,  Eneldo,  Mizithra,  Cotija,  Cottage,  Brie,  Camembert,  Tomillo,  Asiago,  Ajo,  Halibut,  Basil,  Scamorza,  Chalota,  Cebolla,  Halloumi,  Parmesano,  Oregano, Feta,  Guisantes,  Salmon,  Col,  Shiso,  Aguacate,  Mozzarela"
148,Sutil Limited Release Chardonnay 2020," Provolone,  Cerdo,  Edamental,  Cebollin,  Camarones,  Langosta,  Gruyere,  Cangrejo,  Burrata,  Epoisses,  Chuleta,  Hongos,  Comte,  Delice de Bougorgne,  Camembert,  Ajo,  Scamorza,  Chalota,  Cebolla,  Tofu,  Seitan, Brie,  Pollo,  Mozzarela"
149,Sutil Reserve Merlot 2020," Provolone,  Tomate,  Cerdo,  Edamental,  Cardamomo,  Grada Padano,  Cebollin,  Ossau-Iraty,  Venado,  Berenjena,  Chuleta,  Clavo,  Manchego,  Hongos,  Comte,  Gouda,  Gengibre,  Frijoles Blancos,  Pecorino,  Pimienta,  Fenogreco, Gruyere,  Frijoles Negos,  Muenster,  Perejil,  Eneldo,  Tomillo,  Asiago,  Ajo,  Judía Pinta,  Scamorza,  Chalota,  Cebolla,  Parmesano,  Oregano,  Tofu,  Seitan,  Colby,  Pimiento,  Canela,  Lenteja,  Carne de Res,  Cordero,  Cheddar,  Vainilla,  Anis,  Pollo,  Mozzarela,  Nuez Moscada"
150,Sutil Reserve Sauvignon Blanc 2022," Provolone,  Edamental,  Palta,  Ricotta,  Grada Padano,  Queso Fresco,  Cebollin,  Camarones,  Langosta,  Pimiento Verde,  Gruyere,  Cilantro,  Cangrejo,  Mejorana,  Crema Agria,  Burrata,  Epoisses,  Nabo,  Bass,  Manchego,  Bacalao,  Menta,  Comte,  Zapallo,  Queso Crema,  Havarti,  Escarola,  Trucha,  Lechuga,  Calabaza,  Chevre,  Pecorino,  Zanahoria,  Perejil,  Delice de Bougorgne,  Eneldo,  Mizithra,  Cotija,  Cottage,  Brie,  Camembert,  Tomillo,  Asiago,  Ajo,  Halibut,  Basil,  Scamorza,  Chalota,  Cebolla,  Halloumi,  Parmesano,  Oregano, Feta,  Guisantes,  Salmon,  Col,  Shiso,  Aguacate,  Mozzarela"
151,Tabali Pedregoso Cabernet Sauvignon Gran Reserva 2019," Frijoles Negos,  Colby,  Muenster,  Comino, Cheddar,  Gouda,  Ossau-Iraty,  Lenteja,  Carne de Res,  Judía Pinta,  Cordero,  Venado,  Cilantro,  Frijoles Blancos,  Curcuma"
152,Terramater Altum Cabernet Sauvignon 2020," Frijoles Negos,  Colby,  Muenster,  Comino, Cheddar,  Gouda,  Ossau-Iraty,  Lenteja,  Carne de Res,  Judía Pinta,  Cordero,  Venado,  Cilantro,  Frijoles Blancos,  Curcuma"
153,Terramater Altum Chardonnay 2021," Provolone,  Cerdo,  Edamental,  Cebollin,  Camarones,  Langosta,  Gruyere,  Cangrejo,  Burrata,  Epoisses,  Chuleta,  Hongos,  Comte,  Delice de Bougorgne,  Camembert,  Ajo,  Scamorza,  Chalota,  Cebolla,  Tofu,  Seitan, Brie,  Pollo,  Mozzarela"
154,Terramater Vineyard Reserve Cabernet Sauvignon 2019," Frijoles Negos,  Colby,  Muenster,  Comino, Cheddar,  Gouda,  Ossau-Iraty,  Lenteja,  Carne de Res,  Judía Pinta,  Cordero,  Venado,  Cilantro,  Frijoles Blancos,  Curcuma"
155,Terramater Vineyard Reserve Cabernet Sauvignon 2021," Frijoles Negos,  Colby,  Muenster,  Comino, Cheddar,  Gouda,  Ossau-Iraty,  Lenteja,  Carne de Res,  Judía Pinta,  Cordero,  Venado,  Cilantro,  Frijoles Blancos,  Curcuma"
156,Terramater Vineyard Reserve Chardonnay 2021," Provolone,  Cerdo,  Edamental,  Cebollin,  Camarones,  Langosta,  Gruyere,  Cangrejo,  Burrata,  Epoisses,  Chuleta,  Hongos,  Comte,  Delice de Bougorgne,  Camembert,  Ajo,  Scamorza,  Chalota,  Cebolla,  Tofu,  Seitan, Brie,  Pollo,  Mozzarela"
157,Terrapura Cabernet Sauvignon Reserva 2021," Frijoles Negos,  Colby,  Muenster,  Comino, Cheddar,  Gouda,  Ossau-Iraty,  Lenteja,  Carne de Res,  Judía Pinta,  Cordero,  Venado,  Cilantro,  Frijoles Blancos,  Curcuma"
158,Terrapura Carmenere Reserva 2021," Provolone,  Tomate,  Cerdo,  Edamental,  Cardamomo,  Grada Padano,  Cebollin,  Ossau-Iraty,  Venado,  Berenjena,  Chuleta,  Clavo,  Manchego,  Hongos,  Comte,  Gouda,  Gengibre,  Frijoles Blancos,  Pecorino,  Pimienta,  Fenogreco, Gruyere,  Frijoles Negos,  Muenster,  Perejil,  Eneldo,  Tomillo,  Asiago,  Ajo,  Judía Pinta,  Scamorza,  Chalota,  Cebolla,  Parmesano,  Oregano,  Tofu,  Seitan,  Colby,  Pimiento,  Canela,  Lenteja,  Carne de Res,  Cordero,  Cheddar,  Vainilla,  Anis,  Pollo,  Mozzarela,  Nuez Moscada"
159,Terrapura Sauvignon Blanc Reserva 2022," Provolone,  Edamental,  Palta,  Ricotta,  Grada Padano,  Queso Fresco,  Cebollin,  Camarones,  Langosta,  Pimiento Verde,  Gruyere,  Cilantro,  Cangrejo,  Mejorana,  Crema Agria,  Burrata,  Epoisses,  Nabo,  Bass,  Manchego,  Bacalao,  Menta,  Comte,  Zapallo,  Queso Crema,  Havarti,  Escarola,  Trucha,  Lechuga,  Calabaza,  Chevre,  Pecorino,  Zanahoria,  Perejil,  Delice de Bougorgne,  Eneldo,  Mizithra,  Cotija,  Cottage,  Brie,  Camembert,  Tomillo,  Asiago,  Ajo,  Halibut,  Basil,  Scamorza,  Chalota,  Cebolla,  Halloumi,  Parmesano,  Oregano, Feta,  Guisantes,  Salmon,  Col,  Shiso,  Aguacate,  Mozzarela"
160,Tierra Del Fuego Cabernet Sauvignon Reserva 2020," Frijoles Negos,  Colby,  Muenster,  Comino, Cheddar,  Gouda,  Ossau-Iraty,  Lenteja,  Carne de Res,  Judía Pinta,  Cordero,  Venado,  Cilantro,  Frijoles Blancos,  Curcuma"
161,Tierra Del Fuego Carmenere Reserva 2020," Provolone,  Tomate,  Cerdo,  Edamental,  Cardamomo,  Grada Padano,  Cebollin,  Ossau-Iraty,  Venado,  Berenjena,  Chuleta,  Clavo,  Manchego,  Hongos,  Comte,  Gouda,  Gengibre,  Frijoles Blancos,  Pecorino,  Pimienta,  Fenogreco, Gruyere,  Frijoles Negos,  Muenster,  Perejil,  Eneldo,  Tomillo,  Asiago,  Ajo,  Judía Pinta,  Scamorza,  Chalota,  Cebolla,  Parmesano,  Oregano,  Tofu,  Seitan,  Colby,  Pimiento,  Canela,  Lenteja,  Carne de Res,  Cordero,  Cheddar,  Vainilla,  Anis,  Pollo,  Mozzarela,  Nuez Moscada"
162,Tierra Del Fuego Sauvignon Blanc Reserva 2022," Provolone,  Edamental,  Palta,  Ricotta,  Grada Padano,  Queso Fresco,  Cebollin,  Camarones,  Langosta,  Pimiento Verde,  Gruyere,  Cilantro,  Cangrejo,  Mejorana,  Crema Agria,  Burrata,  Epoisses,  Nabo,  Bass,  Manchego,  Bacalao,  Menta,  Comte,  Zapallo,  Queso Crema,  Havarti,  Escarola,  Trucha,  Lechuga,  Calabaza,  Chevre,  Pecorino,  Zanahoria,  Perejil,  Delice de Bougorgne,  Eneldo,  Mizithra,  Cotija,  Cottage,  Brie,  Camembert,  Tomillo,  Asiago,  Ajo,  Halibut,  Basil,  Scamorza,  Chalota,  Cebolla,  Halloumi,  Parmesano,  Oregano, Feta,  Guisantes,  Salmon,  Col,  Shiso,  Aguacate,  Mozzarela"
163,Trapi Del Bueno Hand Made Pinot Noir 2020," Provolone,  Cerdo,  Edamental,  Hongos,  Comte,  Ajo,  Chuleta,  Scamorza,  Seitan,  Cebolla,  Chalota,  Pollo,  Mozzarela,  Tofu, Gruyere"
164,Undurraga Albores 750cc," Provolone,  Cerdo,  Edamental,  Cebollin,  Camarones,  Langosta,  Gruyere,  Cangrejo,  Burrata,  Epoisses,  Chuleta,  Hongos,  Comte,  Delice de Bougorgne,  Camembert,  Ajo,  Scamorza,  Chalota,  Cebolla,  Tofu,  Seitan, Brie,  Pollo,  Mozzarela"
165,Undurraga Aliwen Cabernet Sauvignon Gran Reserva 2022," Frijoles Negos,  Colby,  Muenster,  Comino, Cheddar,  Gouda,  Ossau-Iraty,  Lenteja,  Carne de Res,  Judía Pinta,  Cordero,  Venado,  Cilantro,  Frijoles Blancos,  Curcuma"
166,Undurraga Aliwen Cabernet Sauvignon Reserva 2021," Frijoles Negos,  Colby,  Muenster,  Comino, Cheddar,  Gouda,  Ossau-Iraty,  Lenteja,  Carne de Res,  Judía Pinta,  Cordero,  Venado,  Cilantro,  Frijoles Blancos,  Curcuma"
167,Undurraga Aliwen Carmenere Reserva 2021," Provolone,  Tomate,  Cerdo,  Edamental,  Cardamomo,  Grada Padano,  Cebollin,  Ossau-Iraty,  Venado,  Berenjena,  Chuleta,  Clavo,  Manchego,  Hongos,  Comte,  Gouda,  Gengibre,  Frijoles Blancos,  Pecorino,  Pimienta,  Fenogreco, Gruyere,  Frijoles Negos,  Muenster,  Perejil,  Eneldo,  Tomillo,  Asiago,  Ajo,  Judía Pinta,  Scamorza,  Chalota,  Cebolla,  Parmesano,  Oregano,  Tofu,  Seitan,  Colby,  Pimiento,  Canela,  Lenteja,  Carne de Res,  Cordero,  Cheddar,  Vainilla,  Anis,  Pollo,  Mozzarela,  Nuez Moscada"
168,Undurraga Aliwen Sauvignon Blanc Reserva 2021," Provolone,  Edamental,  Palta,  Ricotta,  Grada Padano,  Queso Fresco,  Cebollin,  Camarones,  Langosta,  Pimiento Verde,  Gruyere,  Cilantro,  Cangrejo,  Mejorana,  Crema Agria,  Burrata,  Epoisses,  Nabo,  Bass,  Manchego,  Bacalao,  Menta,  Comte,  Zapallo,  Queso Crema,  Havarti,  Escarola,  Trucha,  Lechuga,  Calabaza,  Chevre,  Pecorino,  Zanahoria,  Perejil,  Delice de Bougorgne,  Eneldo,  Mizithra,  Cotija,  Cottage,  Brie,  Camembert,  Tomillo,  Asiago,  Ajo,  Halibut,  Basil,  Scamorza,  Chalota,  Cebolla,  Halloumi,  Parmesano,  Oregano, Feta,  Guisantes,  Salmon,  Col,  Shiso,  Aguacate,  Mozzarela"
169,Undurraga Cauquenes Estate Cabernet Sauvignon 2018," Frijoles Negos,  Colby,  Muenster,  Comino, Cheddar,  Gouda,  Ossau-Iraty,  Lenteja,  Carne de Res,  Judía Pinta,  Cordero,  Venado,  Cilantro,  Frijoles Blancos,  Curcuma"
170,Undurraga Cauquenes Estate Carignan 2019," Provolone,  Tomate,  Cerdo,  Edamental,  Cardamomo,  Grada Padano,  Cebollin,  Ossau-Iraty,  Venado,  Berenjena,  Chuleta,  Clavo,  Manchego,  Hongos,  Comte,  Gouda,  Gengibre,  Frijoles Blancos,  Pecorino,  Pimienta,  Fenogreco, Gruyere,  Frijoles Negos,  Muenster,  Perejil,  Eneldo,  Tomillo,  Asiago,  Ajo,  Judía Pinta,  Scamorza,  Chalota,  Cebolla,  Parmesano,  Oregano,  Tofu,  Seitan,  Colby,  Pimiento,  Canela,  Lenteja,  Carne de Res,  Cordero,  Cheddar,  Vainilla,  Anis,  Pollo,  Mozzarela,  Nuez Moscada"
171,Undurraga Rose Royal 750cc," Provolone,  Cerdo,  Edamental,  Hongos,  Comte,  Ajo,  Chuleta,  Scamorza,  Seitan,  Cebolla,  Chalota,  Pollo,  Mozzarela,  Tofu, Gruyere"
172,Undurraga Titillum Special Edition Vintage Rose," Provolone,  Cerdo,  Edamental,  Hongos,  Comte,  Ajo,  Chuleta,  Scamorza,  Seitan,  Cebolla,  Chalota,  Pollo,  Mozzarela,  Tofu, Gruyere"
173,Valdivieso Blanc De Blancs Grand Cuvee Espumante 750cc," Provolone,  Cerdo,  Edamental,  Cebollin,  Camarones,  Langosta,  Gruyere,  Cangrejo,  Burrata,  Epoisses,  Chuleta,  Hongos,  Comte,  Delice de Bougorgne,  Camembert,  Ajo,  Scamorza,  Chalota,  Cebolla,  Tofu,  Seitan, Brie,  Pollo,  Mozzarela"
174,Valdivieso Blanc De Noir Espumante 750cc," Provolone,  Cerdo,  Edamental,  Hongos,  Comte,  Ajo,  Chuleta,  Scamorza,  Seitan,  Cebolla,  Chalota,  Pollo,  Mozzarela,  Tofu, Gruyere"
175,Valdivieso Caballo Loco Grand Cru Blanc De Noir," Provolone,  Cerdo,  Edamental,  Hongos,  Comte,  Ajo,  Chuleta,  Scamorza,  Seitan,  Cebolla,  Chalota,  Pollo,  Mozzarela,  Tofu, Gruyere"
176,Valdivieso Single Vineyard Chardonnay 2020," Provolone,  Cerdo,  Edamental,  Cebollin,  Camarones,  Langosta,  Gruyere,  Cangrejo,  Burrata,  Epoisses,  Chuleta,  Hongos,  Comte,  Delice de Bougorgne,  Camembert,  Ajo,  Scamorza,  Chalota,  Cebolla,  Tofu,  Seitan, Brie,  Pollo,  Mozzarela"
177,Valdivieso Single Vineyard Sauvignon Blanc 2017," Provolone,  Edamental,  Palta,  Ricotta,  Grada Padano,  Queso Fresco,  Cebollin,  Camarones,  Langosta,  Pimiento Verde,  Gruyere,  Cilantro,  Cangrejo,  Mejorana,  Crema Agria,  Burrata,  Epoisses,  Nabo,  Bass,  Manchego,  Bacalao,  Menta,  Comte,  Zapallo,  Queso Crema,  Havarti,  Escarola,  Trucha,  Lechuga,  Calabaza,  Chevre,  Pecorino,  Zanahoria,  Perejil,  Delice de Bougorgne,  Eneldo,  Mizithra,  Cotija,  Cottage,  Brie,  Camembert,  Tomillo,  Asiago,  Ajo,  Halibut,  Basil,  Scamorza,  Chalota,  Cebolla,  Halloumi,  Parmesano,  Oregano, Feta,  Guisantes,  Salmon,  Col,  Shiso,  Aguacate,  Mozzarela"
178,Valdivieso Single Vineyard Syrah 2018," Frijoles Negos,  Colby,  Muenster,  Comino, Cheddar,  Gouda,  Ossau-Iraty,  Lenteja,  Carne de Res,  Judía Pinta,  Cordero,  Venado,  Cilantro,  Frijoles Blancos,  Curcuma"
179,Valle Secreto Origen Cabernet Franc 2019," Provolone,  Tomate,  Cerdo,  Edamental,  Cardamomo,  Grada Padano,  Cebollin,  Ossau-Iraty,  Venado,  Berenjena,  Chuleta,  Clavo,  Manchego,  Hongos,  Comte,  Gouda,  Gengibre,  Frijoles Blancos,  Pecorino,  Pimienta,  Fenogreco, Gruyere,  Frijoles Negos,  Muenster,  Perejil,  Eneldo,  Tomillo,  Asiago,  Ajo,  Judía Pinta,  Scamorza,  Chalota,  Cebolla,  Parmesano,  Oregano,  Tofu,  Seitan,  Colby,  Pimiento,  Canela,  Lenteja,  Carne de Res,  Cordero,  Cheddar,  Vainilla,  Anis,  Pollo,  Mozzarela,  Nuez Moscada"
180,Valle Secreto Private Cabernet Franc 2019," Provolone,  Tomate,  Cerdo,  Edamental,  Cardamomo,  Grada Padano,  Cebollin,  Ossau-Iraty,  Venado,  Berenjena,  Chuleta,  Clavo,  Manchego,  Hongos,  Comte,  Gouda,  Gengibre,  Frijoles Blancos,  Pecorino,  Pimienta,  Fenogreco, Gruyere,  Frijoles Negos,  Muenster,  Perejil,  Eneldo,  Tomillo,  Asiago,  Ajo,  Judía Pinta,  Scamorza,  Chalota,  Cebolla,  Parmesano,  Oregano,  Tofu,  Seitan,  Colby,  Pimiento,  Canela,  Lenteja,  Carne de Res,  Cordero,  Cheddar,  Vainilla,  Anis,  Pollo,  Mozzarela,  Nuez Moscada"
181,Valle Secreto Private Chardonnay 2019," Provolone,  Cerdo,  Edamental,  Cebollin,  Camarones,  Langosta,  Gruyere,  Cangrejo,  Burrata,  Epoisses,  Chuleta,  Hongos,  Comte,  Delice de Bougorgne,  Camembert,  Ajo,  Scamorza,  Chalota,  Cebolla,  Tofu,  Seitan, Brie,  Pollo,  Mozzarela"
182,Ventisquero Kalfu Sumpai Pinot Noir 2017," Provolone,  Cerdo,  Edamental,  Hongos,  Comte,  Ajo,  Chuleta,  Scamorza,  Seitan,  Cebolla,  Chalota,  Pollo,  Mozzarela,  Tofu, Gruyere"
183,Ventisquero Pangea Syrah 2015," Frijoles Negos,  Colby,  Muenster,  Comino, Cheddar,  Gouda,  Ossau-Iraty,  Lenteja,  Carne de Res,  Judía Pinta,  Cordero,  Venado,  Cilantro,  Frijoles Blancos,  Curcuma"
184,Ventisquero Pangea Syrah 2016," Frijoles Negos,  Colby,  Muenster,  Comino, Cheddar,  Gouda,  Ossau-Iraty,  Lenteja,  Carne de Res,  Judía Pinta,  Cordero,  Venado,  Cilantro,  Frijoles Blancos,  Curcuma"
185,Veramonte Ritual Sauvignon Blanc 2017," Provolone,  Edamental,  Palta,  Ricotta,  Grada Padano,  Queso Fresco,  Cebollin,  Camarones,  Langosta,  Pimiento Verde,  Gruyere,  Cilantro,  Cangrejo,  Mejorana,  Crema Agria,  Burrata,  Epoisses,  Nabo,  Bass,  Manchego,  Bacalao,  Menta,  Comte,  Zapallo,  Queso Crema,  Havarti,  Escarola,  Trucha,  Lechuga,  Calabaza,  Chevre,  Pecorino,  Zanahoria,  Perejil,  Delice de Bougorgne,  Eneldo,  Mizithra,  Cotija,  Cottage,  Brie,  Camembert,  Tomillo,  Asiago,  Ajo,  Halibut,  Basil,  Scamorza,  Chalota,  Cebolla,  Halloumi,  Parmesano,  Oregano, Feta,  Guisantes,  Salmon,  Col,  Shiso,  Aguacate,  Mozzarela"
186,Vistamar Cabernet Sauvignon Gran Reserva 2018," Frijoles Negos,  Colby,  Muenster,  Comino, Cheddar,  Gouda,  Ossau-Iraty,  Lenteja,  Carne de Res,  Judía Pinta,  Cordero,  Venado,  Cilantro,  Frijoles Blancos,  Curcuma"
187,Viu Manent Cabernet Sauvignon Gran Reserva 2019," Frijoles Negos,  Colby,  Muenster,  Comino, Cheddar,  Gouda,  Ossau-Iraty,  Lenteja,  Carne de Res,  Judía Pinta,  Cordero,  Venado,  Cilantro,  Frijoles Blancos,  Curcuma"
188,Viu Manent Secreto Malbec 2020," Frijoles Negos,  Colby,  Muenster,  Comino, Cheddar,  Gouda,  Ossau-Iraty,  Lenteja,  Carne de Res,  Judía Pinta,  Cordero,  Venado,  Cilantro,  Frijoles Blancos,  Curcuma"
189,Viu Manent Secreto Sauvignon Blanc 2021," Provolone,  Edamental,  Palta,  Ricotta,  Grada Padano,  Queso Fresco,  Cebollin,  Camarones,  Langosta,  Pimiento Verde,  Gruyere,  Cilantro,  Cangrejo,  Mejorana,  Crema Agria,  Burrata,  Epoisses,  Nabo,  Bass,  Manchego,  Bacalao,  Menta,  Comte,  Zapallo,  Queso Crema,  Havarti,  Escarola,  Trucha,  Lechuga,  Calabaza,  Chevre,  Pecorino,  Zanahoria,  Perejil,  Delice de Bougorgne,  Eneldo,  Mizithra,  Cotija,  Cottage,  Brie,  Camembert,  Tomillo,  Asiago,  Ajo,  Halibut,  Basil,  Scamorza,  Chalota,  Cebolla,  Halloumi,  Parmesano,  Oregano, Feta,  Guisantes,  Salmon,  Col,  Shiso,  Aguacate,  Mozzarela"
190,Viu Manent Secreto Syrah 2020," Frijoles Negos,  Colby,  Muenster,  Comino, Cheddar,  Gouda,  Ossau-Iraty,  Lenteja,  Carne de Res,  Judía Pinta,  Cordero,  Venado,  Cilantro,  Frijoles Blancos,  Curcuma"
191,Viu Manent Single Vineyard Malbec San Carlos 2018," Frijoles Negos,  Colby,  Muenster,  Comino, Cheddar,  Gouda,  Ossau-Iraty,  Lenteja,  Carne de Res,  Judía Pinta,  Cordero,  Venado,  Cilantro,  Frijoles Blancos,  Curcuma"
192,Viu Manent Single Vineyard Syrah El Olivar 2013," Frijoles Negos,  Colby,  Muenster,  Comino, Cheddar,  Gouda,  Ossau-Iraty,  Lenteja,  Carne de Res,  Judía Pinta,  Cordero,  Venado,  Cilantro,  Frijoles Blancos,  Curcuma"
193,Viu Manent Single Vineyard Syrah El Olivar 2018," Frijoles Negos,  Colby,  Muenster,  Comino, Cheddar,  Gouda,  Ossau-Iraty,  Lenteja,  Carne de Res,  Judía Pinta,  Cordero,  Venado,  Cilantro,  Frijoles Blancos,  Curcuma"
194,Viña Andes Plateau Andesita Cabernet Sauvignon 2021," Frijoles Negos,  Colby,  Muenster,  Comino, Cheddar,  Gouda,  Ossau-Iraty,  Lenteja,  Carne de Res,  Judía Pinta,  Cordero,  Venado,  Cilantro,  Frijoles Blancos,  Curcuma"
195,Viña Villalobos Nativa Pais 2020," Frijoles Negos,  Colby,  Muenster,  Comino, Cheddar,  Gouda,  Ossau-Iraty,  Lenteja,  Carne de Res,  Judía Pinta,  Cordero,  Venado,  Cilantro,  Frijoles Blancos,  Curcuma"
196,Vultur Toromiro Carignan 2020," Provolone,  Tomate,  Cerdo,  Edamental,  Cardamomo,  Grada Padano,  Cebollin,  Ossau-Iraty,  Venado,  Berenjena,  Chuleta,  Clavo,  Manchego,  Hongos,  Comte,  Gouda,  Gengibre,  Frijoles Blancos,  Pecorino,  Pimienta,  Fenogreco, Gruyere,  Frijoles Negos,  Muenster,  Perejil,  Eneldo,  Tomillo,  Asiago,  Ajo,  Judía Pinta,  Scamorza,  Chalota,  Cebolla,  Parmesano,  Oregano,  Tofu,  Seitan,  Colby,  Pimiento,  Canela,  Lenteja,  Carne de Res,  Cordero,  Cheddar,  Vainilla,  Anis,  Pollo,  Mozzarela,  Nuez Moscada"
